id_anonimo,cargo,lotacao,tipo_campus
1,ADMINISTRADOR (PCIFE) - 701001,DG/ZN,Capital
2,TECNICO DE LABORATORIO AREA (PCIFE) - 701244,DG/JC,Interior
3,AUDITOR (PCIFE) - 701009,RE,Capital
4,AUX EM ADMINISTRACAO (PCIFE) - 701405,CSGA,Interior
5,TECNICO EM CONTABILIDADE (PCIFE) - 701224,DG/SPO,Interior
6,ANALISTA DE TEC DA INFORMACAO (PCIFE) - 701062,DG/CNAT,Capital
7,AUXILIAR DE ENFERMAGEM (PCIFE) - 701411,DG/CNAT,Capital
8,CONTADOR (PCIFE) - 701015,DG/CNAT,Capital
9,ANALISTA DE TEC DA INFORMACAO (PCIFE) - 701062,RE,Capital
10,TECNICO DE LABORATORIO AREA (PCIFE) - 701244,DIAC/CANG,Interior
11,ADMINISTRADOR (PCIFE) - 701001,DG/JC,Interior
12,TEC DE TECNOLOGIA DA INFORMACAO (PCIFE) - 701226,RE,Capital
13,TECNICO EM ASSUNTOS EDUCACIONAIS (PCIFE) - 701079,DG/CNAT,Capital
14,TECNICO DE LABORATORIO AREA (PCIFE) - 701244,CM,Interior
15,ASSISTENTE EM ADMINISTRACAO (PCIFE) - 701200,DG/PF,Interior
16,TRADUTOR INTERPRETE DE LINGUAGEM SINAIS (PCIFE) - 701266,DG/CNAT,Capital
17,TECNICO DE LABORATORIO AREA (PCIFE) - 701244,DG/ZN,Capital
18,TECNICO EM ASSUNTOS EDUCACIONAIS (PCIFE) - 701079,DG/CA,Interior
19,ENFERMEIRO-AREA (PCIFE) - 701029,DG/SPO,Interior
20,AUX EM ADMINISTRACAO (PCIFE) - 701405,DG/JC,Interior
21,ADMINISTRADOR (PCIFE) - 701001,DG/CNAT,Capital
22,ASSISTENTE SOCIAL (PCIFE) - 701006,DG/PF,Interior
23,TECNICO EM ELETROTECNICA (PCIFE) - 701230,DG/CNAT,Capital
24,TECNICO EM ENFERMAGEM (PCIFE) - 701233,DG/PF,Interior
25,TRADUTOR INTERPRETE DE LINGUAGEM SINAIS (PCIFE) - 701266,CM,Interior
26,TECNICO DE LABORATORIO AREA (PCIFE) - 701244,DG/PAR,Interior
27,SECRETARIO EXECUTIVO (PCIFE) - 701076,RE,Capital
28,AUX EM ADMINISTRACAO (PCIFE) - 701405,RE,Capital
29,ASSISTENTE EM ADMINISTRACAO (PCIFE) - 701200,DG/CA,Interior
30,ASSISTENTE EM ADMINISTRACAO (PCIFE) - 701200,DG/CNAT,Capital
31,IMPRESSOR (PCIFE) - 701436,DG/CNAT,Capital
32,MOTORISTA (PCIFE) - 701445,DG/CNAT,Capital
33,ADMINISTRADOR (PCIFE) - 701001,DG/CNAT,Capital
34,PEDAGOGO-AREA (PCIFE) - 701058,DG/IP,Interior
35,SECRETARIO EXECUTIVO (PCIFE) - 701076,DG/SC,Interior
36,ASSISTENTE DE ALUNO (PCIFE) - 701403,DG/SC,Interior
37,TECNOLOGO-FORMACAO (PCIFE) - 701081,RE,Capital
38,ODONTOLOGO - 40 HORAS (PCIFE) - 701064,DG/CNAT,Capital
39,TECNICO DE LABORATORIO AREA (PCIFE) - 701244,CNAT,Capital
40,ASSISTENTE DE LABORATORIO (PCIFE) - 701437,DG/ZN,Capital
41,TECNICO DE LABORATORIO AREA (PCIFE) - 701244,DG/SPO,Interior
42,ANALISTA DE TEC DA INFORMACAO (PCIFE) - 701062,RE,Capital
43,TECNICO EM CONTABILIDADE (PCIFE) - 701224,DG/CA,Interior
44,TECNICO EM ENFERMAGEM (PCIFE) - 701233,DG/ZN,Capital
45,ASSISTENTE EM ADMINISTRACAO (PCIFE) - 701200,DG/JC,Interior
46,CONTADOR (PCIFE) - 701015,DG/AP,Interior
47,ASSISTENTE SOCIAL (PCIFE) - 701006,DG/MC,Interior
48,PEDAGOGO-AREA (PCIFE) - 701058,DG/AP,Interior
49,NUTRICIONISTA-HABILITACAO (PCIFE) - 701055,DG/IP,Interior
50,TECNICO DE LABORATORIO AREA (PCIFE) - 701244,DG/CN,Interior
51,ASSISTENTE EM ADMINISTRACAO (PCIFE) - 701200,DG/CNAT,Capital
52,TECNOLOGO-FORMACAO (PCIFE) - 701081,RE,Capital
53,TECNICO DE LABORATORIO AREA (PCIFE) - 701244,DG/MC,Interior
54,ADMINISTRADOR (PCIFE) - 701001,DG/ZL,Capital
55,ASSISTENTE EM ADMINISTRACAO (PCIFE) - 701200,DG/MO,Interior
56,ANALISTA DE TEC DA INFORMACAO (PCIFE) - 701062,RE,Capital
57,TECNICO DE LABORATORIO AREA (PCIFE) - 701244,DG/PF,Interior
58,MOTORISTA (PCIFE) - 701445,DG/MO,Interior
59,TECNICO EM SECRETARIADO (PCIFE) - 701275,DG/CNAT,Capital
60,ASSISTENTE EM ADMINISTRACAO (PCIFE) - 701200,DG/CN,Interior
61,ASSISTENTE EM ADMINISTRACAO (PCIFE) - 701200,DG/PAR,Interior
62,ASSISTENTE EM ADMINISTRACAO (PCIFE) - 701200,DG/CNAT,Capital
63,ASSISTENTE EM ADMINISTRACAO (PCIFE) - 701200,RE,Capital
64,CONTADOR (PCIFE) - 701015,DG/PF,Interior
65,ASSISTENTE EM ADMINISTRACAO (PCIFE) - 701200,RE,Capital
66,TECNICO DE LABORATORIO AREA (PCIFE) - 701244,DG/CNAT,Capital
67,PEDAGOGO-AREA (PCIFE) - 701058,DG/ZL,Capital
68,PEDAGOGO-AREA (PCIFE) - 701058,RE,Capital
69,AUX EM ADMINISTRACAO (PCIFE) - 701405,NC,Interior
70,TECNICO DE LABORATORIO AREA (PCIFE) - 701244,NC,Interior
71,ASSISTENTE EM ADMINISTRACAO (PCIFE) - 701200,DG/PF,Interior
72,ASSISTENTE EM ADMINISTRACAO (PCIFE) - 701200,DG/CNAT,Capital
73,AUX EM ADMINISTRACAO (PCIFE) - 701405,DG/CNAT,Capital
74,TECNICO EM ENFERMAGEM (PCIFE) - 701233,DG/CN,Interior
75,ASSISTENTE EM ADMINISTRACAO (PCIFE) - 701200,DG/ZN,Capital
76,ODONTOLOGO - 40 HORAS (PCIFE) - 701064,DG/IP,Interior
77,ARQUITETO E URBANISTA (PCIFE) - 701004,DG/CNAT,Capital
78,ENGENHEIRO-AREA (PCIFE) - 701031,DG/PAR,Interior
79,ASSISTENTE SOCIAL (PCIFE) - 701006,DG/CANG,Interior
80,ASSISTENTE EM ADMINISTRACAO (PCIFE) - 701200,DG/ZN,Capital
81,ASSISTENTE SOCIAL (PCIFE) - 701006,DG/MO,Interior
82,PEDAGOGO-AREA (PCIFE) - 701058,CSGA,Interior
83,ASSISTENTE EM ADMINISTRACAO (PCIFE) - 701200,DG/CNAT,Capital
84,MEDICO - PCCTAE (PCMED) - 647001,DG/SC,Interior
85,ASSISTENTE EM ADMINISTRACAO (PCIFE) - 701200,RE,Capital
86,DESENHISTA TECNICO ESPECIALIDADE (PCIFE) - 701270,DG/CNAT,Capital
87,ASSISTENTE EM ADMINISTRACAO (PCIFE) - 701200,DG/IP,Interior
88,AUX EM ADMINISTRACAO (PCIFE) - 701405,COAD/CTM,Interior
89,ASSISTENTE SOCIAL (PCIFE) - 701006,DG/CA,Interior
90,ASSISTENTE EM ADMINISTRACAO (PCIFE) - 701200,DG/PF,Interior
91,PEDAGOGO-AREA (PCIFE) - 701058,RE,Capital
92,ASSISTENTE EM ADMINISTRACAO (PCIFE) - 701200,DG/CNAT,Capital
93,PEDAGOGO-AREA (PCIFE) - 701058,DG/AP,Interior
94,ASSISTENTE EM ADMINISTRACAO (PCIFE) - 701200,DG/PAR,Interior
95,ASSISTENTE EM ADMINISTRACAO (PCIFE) - 701200,RE,Capital
96,ASSISTENTE SOCIAL (PCIFE) - 701006,DG/CNAT,Capital
97,ENGENHEIRO-AREA (PCIFE) - 701031,DG/ZN,Capital
98,AUDITOR (PCIFE) - 701009,RE,Capital
99,TECNICO EM ENFERMAGEM (PCIFE) - 701233,CCAL,Capital
100,TECNICO DE LABORATORIO AREA (PCIFE) - 701244,DG/CANG,Interior
101,ODONTOLOGO - 40 HORAS (PCIFE) - 701064,DG/SC,Interior
102,TECNICO DE LABORATORIO AREA (PCIFE) - 701244,DG/ZL,Capital
103,ASSISTENTE EM ADMINISTRACAO (PCIFE) - 701200,DG/CANG,Interior
104,ODONTOLOGO - 40 HORAS (PCIFE) - 701064,NC,Interior
105,SECRETARIO EXECUTIVO (PCIFE) - 701076,DG/ZN,Capital
106,ASSISTENTE DE ALUNO (PCIFE) - 701403,DG/CANG,Interior
107,ASSISTENTE SOCIAL (PCIFE) - 701006,DG/IP,Interior
108,ASSISTENTE EM ADMINISTRACAO (PCIFE) - 701200,DG/CANG,Interior
109,ASSISTENTE EM ADMINISTRACAO (PCIFE) - 701200,DG/CNAT,Capital
110,ASSISTENTE EM ADMINISTRACAO (PCIFE) - 701200,DG/CN,Interior
111,TECNOLOGO-FORMACAO (PCIFE) - 701081,DG/MC,Interior
112,TECNICO EM CONTABILIDADE (PCIFE) - 701224,DG/ZL,Capital
113,AUX EM ADMINISTRACAO (PCIFE) - 701405,DG/CNAT,Capital
114,TECNOLOGO-FORMACAO (PCIFE) - 701081,RE,Capital
115,ASSISTENTE EM ADMINISTRACAO (PCIFE) - 701200,DG/ZN,Capital
116,NUTRICIONISTA-HABILITACAO (PCIFE) - 701055,DG/JC,Interior
117,AUX EM ADMINISTRACAO (PCIFE) - 701405,DG/CNAT,Capital
118,TRADUTOR INTERPRETE DE LINGUAGEM SINAIS (PCIFE) - 701266,DG/SC,Interior
119,PSICOLOGO-AREA (PCIFE) - 701060,DG/CNAT,Capital
120,AUX EM ADMINISTRACAO (PCIFE) - 701405,NC,Interior
121,MEDICO - PCCTAE (PCMED) - 647001,CM,Interior
122,TECNICO EM ENFERMAGEM (PCIFE) - 701233,DG/ZN,Capital
123,MEDICO - PCCTAE (PCMED) - 647001,RE,Capital
124,ANALISTA DE TEC DA INFORMACAO (PCIFE) - 701062,DG/CNAT,Capital
125,MEDICO - PCCTAE (PCMED) - 647001,DG/CNAT,Capital
126,ASSISTENTE EM ADMINISTRACAO (PCIFE) - 701200,NC,Interior
127,PEDAGOGO-AREA (PCIFE) - 701058,DG/CN,Interior
128,ASSISTENTE EM ADMINISTRACAO (PCIFE) - 701200,DG/AP,Interior
129,SECRETARIO EXECUTIVO (PCIFE) - 701076,RE,Capital
130,ASSISTENTE DE LABORATORIO (PCIFE) - 701437,DG/CNAT,Capital
131,ASSISTENTE EM ADMINISTRACAO (PCIFE) - 701200,DG/CANG,Interior
132,AUXILIAR DE ARTES GRAFICAS (PCIFE) - 701657,DG/MO,Interior
133,ASSISTENTE EM ADMINISTRACAO (PCIFE) - 701200,DG/AP,Interior
134,ASSISTENTE EM ADMINISTRACAO (PCIFE) - 701200,DG/MC,Interior
135,MEDICO - PCCTAE (PCMED) - 647001,DG/CNAT,Capital
136,ASSISTENTE EM ADMINISTRACAO (PCIFE) - 701200,DG/IP,Interior
137,CONTADOR (PCIFE) - 701015,DG/MO,Interior
138,ASSISTENTE EM ADMINISTRACAO (PCIFE) - 701200,DG/IP,Interior
139,ASSISTENTE EM ADMINISTRACAO (PCIFE) - 701200,DG/MC,Interior
140,AUX EM ADMINISTRACAO (PCIFE) - 701405,NC,Interior
141,PORTEIRO (PCIFE) - 701458,DG/MO,Interior
142,TECNICO DE LABORATORIO AREA (PCIFE) - 701244,DG/CN,Interior
143,ASSISTENTE EM ADMINISTRACAO (PCIFE) - 701200,NC,Interior
144,MEDICO - PCCTAE (PCMED) - 647001,DG/MO,Interior
145,AUX EM ADMINISTRACAO (PCIFE) - 701405,CCAL,Capital
146,TECNICO DE LABORATORIO AREA (PCIFE) - 701244,DG/MO,Interior
147,TECNICO EM ENFERMAGEM (PCIFE) - 701233,DG/PF,Interior
148,BIBLIOTECARIO-DOCUMENTALISTA (PCIFE) - 701010,DG/JC,Interior
149,ENGENHEIRO-AREA (PCIFE) - 701031,DG/CN,Interior
150,ASSISTENTE EM ADMINISTRACAO (PCIFE) - 701200,NC,Interior
151,ASSISTENTE EM ADMINISTRACAO (PCIFE) - 701200,DG/CNAT,Capital
152,MEDICO - PCCTAE (PCMED) - 647001,DG/PAAS,Interior
153,TECNICO DE LABORATORIO AREA (PCIFE) - 701244,DG/CN,Interior
154,TECNICO DE LABORATORIO AREA (PCIFE) - 701244,NC,Interior
155,AUXILIAR DE MECANICA (PCIFE) - 701620,DG/MO,Interior
156,ASSISTENTE DE LABORATORIO (PCIFE) - 701437,DG/CNAT,Capital
157,ASSISTENTE EM ADMINISTRACAO (PCIFE) - 701200,DG/IP,Interior
158,ASSISTENTE EM ADMINISTRACAO (PCIFE) - 701200,DG/CNAT,Capital
159,TECNICO EM EDIFICACOES (PCIFE) - 701228,GABIN/SPO,Interior
160,TECNICO DE LABORATORIO AREA (PCIFE) - 701244,DG/MC,Interior
161,ENGENHEIRO DE SEG DO TRABALHO (PCIFE) - 701032,RE,Capital
162,ASSISTENTE EM ADMINISTRACAO (PCIFE) - 701200,DG/CA,Interior
163,TECNICO EM ASSUNTOS EDUCACIONAIS (PCIFE) - 701079,CSGA,Interior
164,MEDICO - PCCTAE (PCMED) - 647001,DG/AP,Interior
165,CONTADOR (PCIFE) - 701015,DG/ZN,Capital
166,AUX EM ADMINISTRACAO (PCIFE) - 701405,DG/CA,Interior
167,BIBLIOTECARIO-DOCUMENTALISTA (PCIFE) - 701010,DG/LAJ,Interior
168,ASSISTENTE EM ADMINISTRACAO (PCIFE) - 701200,DG/CNAT,Capital
169,TECNICO DE LABORATORIO AREA (PCIFE) - 701244,DG/CNAT,Capital
170,ASSISTENTE EM ADMINISTRACAO (PCIFE) - 701200,DG/CNAT,Capital
171,AUX EM ADMINISTRACAO (PCIFE) - 701405,CSGA,Interior
172,ASSISTENTE EM ADMINISTRACAO (PCIFE) - 701200,DG/SC,Interior
173,TECNICO EM EDIFICACOES (PCIFE) - 701228,CM,Interior
174,ASSISTENTE EM ADMINISTRACAO (PCIFE) - 701200,DG/AP,Interior
175,TECNICO EM AUDIOVISUAL (PCIFE) - 701221,CM,Interior
176,TECNICO DE LABORATORIO AREA (PCIFE) - 701244,NC,Interior
177,TECNICO DE LABORATORIO AREA (PCIFE) - 701244,DG/LAJ,Interior
178,ASSISTENTE DE ALUNO (PCIFE) - 701403,DG/PF,Interior
179,ASSISTENTE EM ADMINISTRACAO (PCIFE) - 701200,DG/MC,Interior
180,ASSISTENTE EM ADMINISTRACAO (PCIFE) - 701200,DG/CNAT,Capital
181,NUTRICIONISTA-HABILITACAO (PCIFE) - 701055,CM,Interior
182,ASSISTENTE DE ALUNO (PCIFE) - 701403,DG/CANG,Interior
183,ODONTOLOGO - 30H - DEC JUD (PCIFE) - 701093,DG/PAR,Interior
184,PSICOLOGO-AREA (PCIFE) - 701060,DG/ZN,Capital
185,ADMINISTRADOR (PCIFE) - 701001,RE,Capital
186,ASSISTENTE EM ADMINISTRACAO (PCIFE) - 701200,DG/CA,Interior
187,ASSISTENTE SOCIAL (PCIFE) - 701006,CM,Interior
188,TECNICO EM ASSUNTOS EDUCACIONAIS (PCIFE) - 701079,DG/PAAS,Interior
189,ASSISTENTE EM ADMINISTRACAO (PCIFE) - 701200,DG/IP,Interior
190,ASSISTENTE DE LABORATORIO (PCIFE) - 701437,DG/SPO,Interior
191,DECORADOR (PCIFE) - 701017,RE,Capital
192,ECONOMISTA (PCIFE) - 701026,RE,Capital
193,ASSISTENTE EM ADMINISTRACAO (PCIFE) - 701200,DG/MO,Interior
194,OPERADOR DE MAQ DE LAVANDERIA (PCIFE) - 701828,DG/CNAT,Capital
195,ANALISTA DE TEC DA INFORMACAO (PCIFE) - 701062,RE,Capital
196,ANALISTA DE TEC DA INFORMACAO (PCIFE) - 701062,RE,Capital
197,ASSISTENTE EM ADMINISTRACAO (PCIFE) - 701200,DG/LAJ,Interior
198,ASSISTENTE DE ALUNO (PCIFE) - 701403,DG/JUC,Interior
199,AUX EM ADMINISTRACAO (PCIFE) - 701405,CSGA,Interior
200,ASSISTENTE EM ADMINISTRACAO (PCIFE) - 701200,DG/MO,Interior
201,ASSISTENTE SOCIAL (PCIFE) - 701006,DG/PF,Interior
202,AUX EM ADMINISTRACAO (PCIFE) - 701405,RE,Capital
203,PSICOLOGO-AREA (PCIFE) - 701060,DG/MC,Interior
204,ASSISTENTE EM ADMINISTRACAO (PCIFE) - 701200,RE,Capital
205,PSICOLOGO-AREA (PCIFE) - 701060,DG/CNAT,Capital
206,PSICOLOGO-AREA (PCIFE) - 701060,DG/PF,Interior
207,ADMINISTRADOR (PCIFE) - 701001,CM,Interior
208,ADMINISTRADOR (PCIFE) - 701001,CCAL,Capital
209,TECNICO EM ASSUNTOS EDUCACIONAIS (PCIFE) - 701079,CCAL,Capital
210,ASSISTENTE EM ADMINISTRACAO (PCIFE) - 701200,CCAL,Capital
211,TECNICO DE LABORATORIO AREA (PCIFE) - 701244,DG/JUC,Interior
212,DIAGRAMADOR (PCIFE) - 701205,RE,Capital
213,TECNICO EM AUDIOVISUAL (PCIFE) - 701221,DG/ZL,Capital
214,ADMINISTRADOR (PCIFE) - 701001,DG/LAJ,Interior
215,TEC DE TECNOLOGIA DA INFORMACAO (PCIFE) - 701226,DG/MC,Interior
216,ASSISTENTE EM ADMINISTRACAO (PCIFE) - 701200,DG/JC,Interior
217,PEDAGOGO-AREA (PCIFE) - 701058,DG/CNAT,Capital
218,BIBLIOTECARIO-DOCUMENTALISTA (PCIFE) - 701010,DG/AP,Interior
219,TECNICO EM SECRETARIADO (PCIFE) - 701275,RE,Capital
220,PSICOLOGO-AREA (PCIFE) - 701060,RE,Capital
221,ASSISTENTE EM ADMINISTRACAO (PCIFE) - 701200,CCAL,Capital
222,ODONTOLOGO - 30H - DEC JUD (PCIFE) - 701093,DG/CN,Interior
223,ODONTOLOGO - 40 HORAS (PCIFE) - 701064,DG/CNAT,Capital
224,TELEFONISTA (PCIFE) - 701464,DG/CNAT,Capital
225,ADMINISTRADOR (PCIFE) - 701001,DG/CA,Interior
226,CONTADOR (PCIFE) - 701015,RE,Capital
227,ASSISTENTE EM ADMINISTRACAO (PCIFE) - 701200,RE,Capital
228,PEDAGOGO-AREA (PCIFE) - 701058,DG/PAR,Interior
229,TEC DE TECNOLOGIA DA INFORMACAO (PCIFE) - 701226,DG/IP,Interior
230,TECNICO DE LABORATORIO AREA (PCIFE) - 701244,DG/AP,Interior
231,ASSISTENTE EM ADMINISTRACAO (PCIFE) - 701200,DG/PAAS,Interior
232,ASSISTENTE EM ADMINISTRACAO (PCIFE) - 701200,DG/CA,Interior
233,TECNICO DE LABORATORIO AREA (PCIFE) - 701244,CCAL,Capital
234,PEDAGOGO-AREA (PCIFE) - 701058,DG/SC,Interior
235,TECNICO EM ASSUNTOS EDUCACIONAIS (PCIFE) - 701079,CSGA,Interior
236,ASSISTENTE EM ADMINISTRACAO (PCIFE) - 701200,DG/CN,Interior
237,ARQUITETO E URBANISTA (PCIFE) - 701004,RE,Capital
238,ASSISTENTE EM ADMINISTRACAO (PCIFE) - 701200,DG/CA,Interior
239,PSICOLOGO-AREA (PCIFE) - 701060,RE,Capital
240,TECNICO EM ASSUNTOS EDUCACIONAIS (PCIFE) - 701079,DG/MO,Interior
241,TECNICO EM ASSUNTOS EDUCACIONAIS (PCIFE) - 701079,DG/CN,Interior
242,ADMINISTRADOR (PCIFE) - 701001,CCAL,Capital
243,ENFERMEIRO-AREA (PCIFE) - 701029,CNAT,Capital
244,PEDAGOGO-AREA (PCIFE) - 701058,DG/CNAT,Capital
245,TECNICO DE LABORATORIO AREA (PCIFE) - 701244,DG/MC,Interior
246,ASSISTENTE SOCIAL (PCIFE) - 701006,DG/CNAT,Capital
247,TECNICO EM CONTABILIDADE (PCIFE) - 701224,DG/SPO,Interior
248,SECRETARIO EXECUTIVO (PCIFE) - 701076,RE,Capital
249,ARQUIVISTA (PCIFE) - 701005,DG/CNAT,Capital
250,ENGENHEIRO-AREA (PCIFE) - 701031,DG/JC,Interior
251,MEDICO - PCCTAE (PCMED) - 647001,RE,Capital
252,ASSISTENTE SOCIAL (PCIFE) - 701006,DG/CNAT,Capital
253,ASSISTENTE EM ADMINISTRACAO (PCIFE) - 701200,DG/SC,Interior
254,ENGENHEIRO-AREA (PCIFE) - 701031,DG/AP,Interior
255,ASSISTENTE DE ALUNO (PCIFE) - 701403,DG/SPO,Interior
256,TECNICO EM ENFERMAGEM (PCIFE) - 701233,DG/PAR,Interior
257,ASSISTENTE DE LABORATORIO (PCIFE) - 701437,DG/CN,Interior
258,ENGENHEIRO-AREA (PCIFE) - 701031,DG/CANG,Interior
259,TECNICO DE LABORATORIO AREA (PCIFE) - 701244,DG/CANG,Interior
260,ASSISTENTE EM ADMINISTRACAO (PCIFE) - 701200,DG/ZN,Capital
261,ASSISTENTE DE ALUNO (PCIFE) - 701403,CM,Interior
262,TECNICO DE LABORATORIO AREA (PCIFE) - 701244,DG/SPO,Interior
263,TECNICO EM AUDIOVISUAL (PCIFE) - 701221,DG/CNAT,Capital
264,AUX EM ADMINISTRACAO (PCIFE) - 701405,RE,Capital
265,BIBLIOTECARIO-DOCUMENTALISTA (PCIFE) - 701010,DG/IP,Interior
266,ADMINISTRADOR (PCIFE) - 701001,RE,Capital
267,TECNICO DE LABORATORIO AREA (PCIFE) - 701244,DG/PF,Interior
268,PEDAGOGO-AREA (PCIFE) - 701058,DG/CNAT,Capital
269,ASSISTENTE EM ADMINISTRACAO (PCIFE) - 701200,CCAL,Capital
270,AUDITOR (PCIFE) - 701009,RE,Capital
271,TECNICO DE LABORATORIO AREA (PCIFE) - 701244,DG/MC,Interior
272,MEDICO - PCCTAE (PCMED) - 647001,DG/JC,Interior
273,AUXILIAR EM ASSUNTOS EDUCACIONAIS (PCIFE) - 701408,PAR,Interior
274,CONTADOR (PCIFE) - 701015,DG/SC,Interior
275,TEC DE TECNOLOGIA DA INFORMACAO (PCIFE) - 701226,DG/CNAT,Capital
276,TEC DE TECNOLOGIA DA INFORMACAO (PCIFE) - 701226,DG/PAR,Interior
277,NUTRICIONISTA-HABILITACAO (PCIFE) - 701055,DG/JUC,Interior
278,ASSISTENTE EM ADMINISTRACAO (PCIFE) - 701200,DG/PF,Interior
279,TELEFONISTA (PCIFE) - 701464,DG/CNAT,Capital
280,TECNICO DE LABORATORIO AREA (PCIFE) - 701244,DG/CNAT,Capital
281,ASSISTENTE EM ADMINISTRACAO (PCIFE) - 701200,DG/PF,Interior
282,AUX EM ADMINISTRACAO (PCIFE) - 701405,DG/JC,Interior
283,MARCENEIRO (PCIFE) - 701640,DG/IP,Interior
284,ASSISTENTE DE ALUNO (PCIFE) - 701403,CCAL,Capital
285,TECNICO DE LABORATORIO AREA (PCIFE) - 701244,CM,Interior
286,ASSISTENTE SOCIAL (PCIFE) - 701006,DG/CANG,Interior
287,ASSISTENTE DE LABORATORIO (PCIFE) - 701437,DG/CNAT,Capital
288,ASSISTENTE SOCIAL (PCIFE) - 701006,DG/CNAT,Capital
289,AUXILIAR DE BIBLIOTECA (PCIFE) - 701409,DG/CA,Interior
290,ASSISTENTE EM ADMINISTRACAO (PCIFE) - 701200,DG/PF,Interior
291,ASSISTENTE EM ADMINISTRACAO (PCIFE) - 701200,DG/CNAT,Capital
292,ASSISTENTE DE ALUNO (PCIFE) - 701403,DG/AP,Interior
293,SERVENTE DE LIMPEZA (PCIFE) - 701823,DG/MO,Interior
294,PEDAGOGO-AREA (PCIFE) - 701058,DG/CNAT,Capital
295,MECANICO (PCIFE) - 701441,DG/CNAT,Capital
296,ANALISTA DE TEC DA INFORMACAO (PCIFE) - 701062,RE,Capital
297,ELETRICISTA (PCIFE) - 701427,DG/PAR,Interior
298,TECNICO EM ASSUNTOS EDUCACIONAIS (PCIFE) - 701079,DG/CNAT,Capital
299,AUXILIAR DE LABORATORIO (PCIFE) - 701619,RE,Capital
300,ASSISTENTE EM ADMINISTRACAO (PCIFE) - 701200,DG/CN,Interior
301,ASSISTENTE EM ADMINISTRACAO (PCIFE) - 701200,DG/MC,Interior
302,AUX EM ADMINISTRACAO (PCIFE) - 701405,RE,Capital
303,ASSISTENTE EM ADMINISTRACAO (PCIFE) - 701200,DG/SC,Interior
304,AUX EM ADMINISTRACAO (PCIFE) - 701405,DG/PAR,Interior
305,ASSISTENTE EM ADMINISTRACAO (PCIFE) - 701200,DG/MC,Interior
306,ASSISTENTE DE ALUNO (PCIFE) - 701403,DG/CN,Interior
307,MECANICO (PCIFE) - 701441,DG/CNAT,Capital
308,ASSISTENTE DE ALUNO (PCIFE) - 701403,DG/JC,Interior
309,ASSISTENTE EM ADMINISTRACAO (PCIFE) - 701200,DG/CANG,Interior
310,PSICOLOGO-AREA (PCIFE) - 701060,DG/SC,Interior
311,ASSISTENTE SOCIAL (PCIFE) - 701006,DG/SPO,Interior
312,ASSISTENTE EM ADMINISTRACAO (PCIFE) - 701200,DG/CA,Interior
313,ASSISTENTE EM ADMINISTRACAO (PCIFE) - 701200,DG/PAR,Interior
314,TECNICO DE LABORATORIO AREA (PCIFE) - 701244,RE,Capital
315,TECNICO DE LABORATORIO AREA (PCIFE) - 701244,DG/PAR,Interior
316,TECNICO EM ELETROTECNICA (PCIFE) - 701230,DG/MO,Interior
317,SERVENTE DE LIMPEZA (PCIFE) - 701823,DG/CNAT,Capital
318,TECNOLOGO-FORMACAO (PCIFE) - 701081,RE,Capital
319,ASSISTENTE EM ADMINISTRACAO (PCIFE) - 701200,CSGA,Interior
320,TEC DE TECNOLOGIA DA INFORMACAO (PCIFE) - 701226,DG/JC,Interior
321,ASSISTENTE EM ADMINISTRACAO (PCIFE) - 701200,DG/AP,Interior
322,TRADUTOR INTERPRETE DE LINGUAGEM SINAIS (PCIFE) - 701266,DG/JC,Interior
323,ASSISTENTE EM ADMINISTRACAO (PCIFE) - 701200,DG/AP,Interior
324,TECNICO EM AUDIOVISUAL (PCIFE) - 701221,RE,Capital
325,TEC DE TECNOLOGIA DA INFORMACAO (PCIFE) - 701226,DG/SC,Interior
326,SECRETARIO EXECUTIVO (PCIFE) - 701076,RE,Capital
327,ODONTOLOGO - 40 HORAS (PCIFE) - 701064,DG/CNAT,Capital
328,TRADUTOR INTERPRETE DE LINGUAGEM SINAIS (PCIFE) - 701266,CSGA,Interior
329,TECNICO EM ELETROTECNICA (PCIFE) - 701230,DG/LAJ,Interior
330,BIBLIOTECARIO-DOCUMENTALISTA (PCIFE) - 701010,DG/MO,Interior
331,ASSISTENTE EM ADMINISTRACAO (PCIFE) - 701200,DG/AP,Interior
332,AUX EM ADMINISTRACAO (PCIFE) - 701405,DG/ZN,Capital
333,ENGENHEIRO-AREA (PCIFE) - 701031,CM,Interior
334,AUX EM ADMINISTRACAO (PCIFE) - 701405,DG/JC,Interior
335,PSICOLOGO-AREA (PCIFE) - 701060,DG/CNAT,Capital
336,TECNICO DE LABORATORIO AREA (PCIFE) - 701244,DG/CNAT,Capital
337,TECNICO DE LABORATORIO AREA (PCIFE) - 701244,DG/MO,Interior
338,ASSISTENTE EM ADMINISTRACAO (PCIFE) - 701200,DG/JC,Interior
339,ASSISTENTE EM ADMINISTRACAO (PCIFE) - 701200,DG/AP,Interior
340,ASSISTENTE EM ADMINISTRACAO (PCIFE) - 701200,RE,Capital
341,PEDAGOGO-AREA (PCIFE) - 701058,DG/CNAT,Capital
342,MEDICO VETERINARIO - PCCTAE (PCMED) - 647002,DG/IP,Interior
343,ENGENHEIRO DE SEG DO TRABALHO (PCIFE) - 701032,RE,Capital
344,PSICOLOGO-AREA (PCIFE) - 701060,CM,Interior
345,DESENHISTA-PROJETISTA (PCIFE) - 701203,DG/CNAT,Capital
346,PEDAGOGO-AREA (PCIFE) - 701058,DG/ZN,Capital
347,ASSISTENTE EM ADMINISTRACAO (PCIFE) - 701200,DG/MO,Interior
348,ANALISTA DE TEC DA INFORMACAO (PCIFE) - 701062,RE,Capital
349,AUX EM ADMINISTRACAO (PCIFE) - 701405,RE,Capital
350,ASSISTENTE SOCIAL (PCIFE) - 701006,DG/CNAT,Capital
351,PSICOLOGO-AREA (PCIFE) - 701060,DG/JC,Interior
352,ASSISTENTE SOCIAL (PCIFE) - 701006,DG/CN,Interior
353,TEC DE TECNOLOGIA DA INFORMACAO (PCIFE) - 701226,DG/CNAT,Capital
354,TECNOLOGO-FORMACAO (PCIFE) - 701081,CM,Interior
355,MEDICO - PCCTAE (PCMED) - 647001,DG/ZN,Capital
356,TECNICO EM ENFERMAGEM (PCIFE) - 701233,CCAL,Capital
357,ASSISTENTE EM ADMINISTRACAO (PCIFE) - 701200,RE,Capital
358,AUX EM ADMINISTRACAO (PCIFE) - 701405,CSGA,Interior
359,ASSISTENTE EM ADMINISTRACAO (PCIFE) - 701200,DG/ZN,Capital
360,BIBLIOTECARIO-DOCUMENTALISTA (PCIFE) - 701010,DG/ZL,Capital
361,AGENTE ADMINISTRATIVO (PECSU) - 474050,PAR,Interior
362,CONTADOR (PCIFE) - 701015,NC,Interior
363,ASSISTENTE DE ALUNO (PCIFE) - 701403,DG/MC,Interior
364,ADMINISTRADOR (PCIFE) - 701001,DG/CANG,Interior
365,TECNICO EM ENFERMAGEM (PCIFE) - 701233,DG/CNAT,Capital
366,PSICOLOGO-AREA (PCIFE) - 701060,CCAL,Capital
367,TEC DE TECNOLOGIA DA INFORMACAO (PCIFE) - 701226,DG/CNAT,Capital
368,TECNICO DE LABORATORIO AREA (PCIFE) - 701244,DG/SC,Interior
369,ASSISTENTE EM ADMINISTRACAO (PCIFE) - 701200,DG/PAR,Interior
370,ASSISTENTE EM ADMINISTRACAO (PCIFE) - 701200,DG/CNAT,Capital
371,ASSISTENTE EM ADMINISTRACAO (PCIFE) - 701200,DG/CN,Interior
372,ASSISTENTE EM ADMINISTRACAO (PCIFE) - 701200,DG/MC,Interior
373,ECONOMISTA (PCIFE) - 701026,DG/CNAT,Capital
374,ASSISTENTE DE LABORATORIO (PCIFE) - 701437,DG/CANG,Interior
375,TECNICO DE LABORATORIO AREA (PCIFE) - 701244,CSGA,Interior
376,AUX EM ADMINISTRACAO (PCIFE) - 701405,RE,Capital
377,ASSISTENTE EM ADMINISTRACAO (PCIFE) - 701200,DG/MO,Interior
378,AUX EM ADMINISTRACAO (PCIFE) - 701405,RE,Capital
379,ASSISTENTE EM ADMINISTRACAO (PCIFE) - 701200,DG/SPO,Interior
380,ASSISTENTE DE ALUNO (PCIFE) - 701403,DG/SPO,Interior
381,ASSISTENTE EM ADMINISTRACAO (PCIFE) - 701200,DG/CA,Interior
382,ASSISTENTE EM ADMINISTRACAO (PCIFE) - 701200,DG/IP,Interior
383,TECNICO DE LABORATORIO AREA (PCIFE) - 701244,DG/PF,Interior
384,TECNICO EM ALIMENTOS E LATICINIOS (PCIFE) - 701215,DG/PAAS,Interior
385,AUX EM ADMINISTRACAO (PCIFE) - 701405,DG/PAR,Interior
386,TECNICO EM ENFERMAGEM (PCIFE) - 701233,DG/LAJ,Interior
387,ASSISTENTE DE ALUNO (PCIFE) - 701403,DG/MC,Interior
388,NUTRICIONISTA-HABILITACAO (PCIFE) - 701055,DG/SPO,Interior
389,ASSISTENTE EM ADMINISTRACAO (PCIFE) - 701200,CN,Interior
390,AUX EM ADMINISTRACAO (PCIFE) - 701405,RE,Capital
391,PSICOLOGO-AREA (PCIFE) - 701060,DG/AP,Interior
392,SECRETARIO EXECUTIVO (PCIFE) - 701076,RE,Capital
393,AUXILIAR EM ASSUNTOS EDUCACIONAIS (PCIFE) - 701408,CM,Interior
394,ANALISTA DE TEC DA INFORMACAO (PCIFE) - 701062,RE,Capital
395,ASSISTENTE EM ADMINISTRACAO (PCIFE) - 701200,DG/CNAT,Capital
396,TEC DE TECNOLOGIA DA INFORMACAO (PCIFE) - 701226,DG/ZL,Capital
397,ASSISTENTE EM ADMINISTRACAO (PCIFE) - 701200,CCAL,Capital
398,AUDITOR (PCIFE) - 701009,RE,Capital
399,TEC DE TECNOLOGIA DA INFORMACAO (PCIFE) - 701226,RE,Capital
400,ASSISTENTE EM ADMINISTRACAO (PCIFE) - 701200,DG/CNAT,Capital
401,PEDAGOGO-AREA (PCIFE) - 701058,DG/LAJ,Interior
402,TECNICO EM ASSUNTOS EDUCACIONAIS (PCIFE) - 701079,NC,Interior
403,NUTRICIONISTA-HABILITACAO (PCIFE) - 701055,DG/CNAT,Capital
404,CONTADOR (PCIFE) - 701015,DG/PF,Interior
405,TECNICO DE LABORATORIO AREA (PCIFE) - 701244,DIAD/CAL,Capital
406,TELEFONISTA (PCIFE) - 701464,DG/CNAT,Capital
407,TRADUTOR INTERPRETE DE LINGUAGEM SINAIS (PCIFE) - 701266,RE,Capital
408,ASSISTENTE EM ADMINISTRACAO (PCIFE) - 701200,DG/JC,Interior
409,TRADUTOR INTERPRETE DE LINGUAGEM SINAIS (PCIFE) - 701266,DG/PAAS,Interior
410,ASSISTENTE EM ADMINISTRACAO (PCIFE) - 701200,DG/PF,Interior
411,ADMINISTRADOR (PCIFE) - 701001,RE,Capital
412,TECNICO EM ASSUNTOS EDUCACIONAIS (PCIFE) - 701079,DG/AP,Interior
413,ASSISTENTE EM ADMINISTRACAO (PCIFE) - 701200,DG/PF,Interior
414,AUX EM ADMINISTRACAO (PCIFE) - 701405,DG/CNAT,Capital
415,ASSISTENTE EM ADMINISTRACAO (PCIFE) - 701200,DG/CNAT,Capital
416,AUXILIAR DE ARTES GRAFICAS (PCIFE) - 701657,DG/MO,Interior
417,SERVENTE DE LIMPEZA (PCIFE) - 701823,DG/CNAT,Capital
418,VIGILANTE (PCIFE) - 701269,DG/CNAT,Capital
419,AUDITOR (PCIFE) - 701009,RE,Capital
420,ASSISTENTE EM ADMINISTRACAO (PCIFE) - 701200,DG/CN,Interior
421,AUXILIAR DE ELETRICISTA (PCIFE) - 701616,DG/CNAT,Capital
422,TEC EM SEGURANCA DO TRABALHO (PCIFE) - 701262,DG/LAJ,Interior
423,IMPRESSOR (PCIFE) - 701436,DG/CNAT,Capital
424,OPERADOR DE MAQUINA COPIADORA (PCIFE) - 701454,DG/MO,Interior
425,ASSISTENTE EM ADMINISTRACAO (PCIFE) - 701200,DG/AP,Interior
426,ASSISTENTE DE ALUNO (PCIFE) - 701403,DG/AP,Interior
427,ASSISTENTE EM ADMINISTRACAO (PCIFE) - 701200,RE,Capital
428,ASSISTENTE DE ALUNO (PCIFE) - 701403,DG/PAAS,Interior
429,AUX EM ADMINISTRACAO (PCIFE) - 701405,CSGA,Interior
430,AUX EM ADMINISTRACAO (PCIFE) - 701405,DG/CNAT,Capital
431,ASSISTENTE DE ALUNO (PCIFE) - 701403,DG/SPO,Interior
432,VIGILANTE (PCIFE) - 701269,DG/CNAT,Capital
433,AUX EM ADMINISTRACAO (PCIFE) - 701405,DG/PF,Interior
434,AUX EM ADMINISTRACAO (PCIFE) - 701405,DG/PF,Interior
435,TECNICO EM CONTABILIDADE (PCIFE) - 701224,CM,Interior
436,ASSISTENTE DE ALUNO (PCIFE) - 701403,CSGA,Interior
437,ODONTOLOGO - 40 HORAS (PCIFE) - 701064,DG/PF,Interior
438,TECNICO EM AGROPECUARIA (PCIFE) - 701214,DG/PF,Interior
439,MEDICO - PCCTAE (PCMED) - 647001,DG/MO,Interior
440,ASSISTENTE SOCIAL (PCIFE) - 701006,DG/JC,Interior
441,TECNICO EM ENFERMAGEM (PCIFE) - 701233,DG/SC,Interior
442,ENGENHEIRO-AREA (PCIFE) - 701031,RE,Capital
443,ASSISTENTE SOCIAL (PCIFE) - 701006,DG/CNAT,Capital
444,ADMINISTRADOR (PCIFE) - 701001,DG/CN,Interior
445,ANALISTA DE TEC DA INFORMACAO (PCIFE) - 701062,RE,Capital
446,CONTADOR (PCIFE) - 701015,CSGA,Interior
447,TECNICO DE LABORATORIO AREA (PCIFE) - 701244,DG/PAR,Interior
448,AUX EM ADMINISTRACAO (PCIFE) - 701405,DG/PAR,Interior
449,TECNICO EM ASSUNTOS EDUCACIONAIS (PCIFE) - 701079,SPP,Interior
450,TECNICO EM ASSUNTOS EDUCACIONAIS (PCIFE) - 701079,DG/PF,Interior
451,ADMINISTRADOR (PCIFE) - 701001,DG/CNAT,Capital
452,TECNICO EM CONTABILIDADE (PCIFE) - 701224,DG/IP,Interior
453,ASSISTENTE EM ADMINISTRACAO (PCIFE) - 701200,DG/CNAT,Capital
454,MEDICO - PCCTAE (PCMED) - 647001,DG/PF,Interior
455,ASSISTENTE EM ADMINISTRACAO (PCIFE) - 701200,DG/CNAT,Capital
456,VIGILANTE (PCIFE) - 701269,CNAT,Capital
457,TEC DE TECNOLOGIA DA INFORMACAO (PCIFE) - 701226,CM,Interior
458,ANALISTA DE TEC DA INFORMACAO (PCIFE) - 701062,RE,Capital
459,TECNICO EM ASSUNTOS EDUCACIONAIS (PCIFE) - 701079,DG/PF,Interior
460,TECNICO DE LABORATORIO AREA (PCIFE) - 701244,NC,Interior
461,AUDITOR (PCIFE) - 701009,RE,Capital
462,ASSISTENTE EM ADMINISTRACAO (PCIFE) - 701200,DG/AP,Interior
463,ASSISTENTE EM ADMINISTRACAO (PCIFE) - 701200,DG/MO,Interior
464,ASSISTENTE EM ADMINISTRACAO (PCIFE) - 701200,RE,Capital
465,TECNICO EM AUDIOVISUAL (PCIFE) - 701221,RE,Capital
466,ODONTOLOGO - 40 HORAS (PCIFE) - 701064,DG/ZN,Capital
467,TECNICO DE LABORATORIO AREA (PCIFE) - 701244,DG/CNAT,Capital
468,ASSISTENTE SOCIAL (PCIFE) - 701006,DG/AP,Interior
469,ASSISTENTE EM ADMINISTRACAO (PCIFE) - 701200,DG/JC,Interior
470,TECNICO EM ASSUNTOS EDUCACIONAIS (PCIFE) - 701079,CCAL,Capital
471,VIGILANTE (PCIFE) - 701269,DG/CNAT,Capital
472,PRODUTOR CULTURAL (PCIFE) - 701061,CCAL,Capital
473,TECNICO DE LABORATORIO AREA (PCIFE) - 701244,DG/AP,Interior
474,ASSISTENTE EM ADMINISTRACAO (PCIFE) - 701200,DG/PAR,Interior
475,PEDAGOGO-AREA (PCIFE) - 701058,DG/MO,Interior
476,ASSISTENTE EM ADMINISTRACAO (PCIFE) - 701200,DG/CA,Interior
477,ASSISTENTE EM ADMINISTRACAO (PCIFE) - 701200,DG/PAR,Interior
478,TECNICO EM AUDIOVISUAL (PCIFE) - 701221,DG/ZL,Capital
479,ASSISTENTE EM ADMINISTRACAO (PCIFE) - 701200,DG/CA,Interior
480,ASSISTENTE EM ADMINISTRACAO (PCIFE) - 701200,DG/CNAT,Capital
481,ASSISTENTE EM ADMINISTRACAO (PCIFE) - 701200,DG/PAAS,Interior
482,ODONTOLOGO - 40 HORAS (PCIFE) - 701064,DG/LAJ,Interior
483,PSICOLOGO-AREA (PCIFE) - 701060,DG/MO,Interior
484,AUX EM ADMINISTRACAO (PCIFE) - 701405,DG/PAAS,Interior
485,ASSISTENTE EM ADMINISTRACAO (PCIFE) - 701200,DG/MC,Interior
486,ASSISTENTE EM ADMINISTRACAO (PCIFE) - 701200,DG/PF,Interior
487,ENGENHEIRO DE SEG DO TRABALHO (PCIFE) - 701032,DG/CNAT,Capital
488,ASSISTENTE EM ADMINISTRACAO (PCIFE) - 701200,DG/CA,Interior
489,TEC EM SEGURANCA DO TRABALHO (PCIFE) - 701262,RE,Capital
490,TECNICO EM ASSUNTOS EDUCACIONAIS (PCIFE) - 701079,DG/CANG,Interior
491,AUX EM ADMINISTRACAO (PCIFE) - 701405,RE,Capital
492,ASSISTENTE EM ADMINISTRACAO (PCIFE) - 701200,DG/JC,Interior
493,ASSISTENTE EM ADMINISTRACAO (PCIFE) - 701200,CCAL,Capital
494,ENGENHEIRO-AREA (PCIFE) - 701031,DG/PF,Interior
495,ASSISTENTE EM ADMINISTRACAO (PCIFE) - 701200,DG/CNAT,Capital
496,ASSISTENTE EM ADMINISTRACAO (PCIFE) - 701200,DG/ZN,Capital
497,FISIOTERAPEUTA (PCIFE) - 701038,DG/CNAT,Capital
498,ADMINISTRADOR (PCIFE) - 701001,CSGA,Interior
499,ASSISTENTE EM ADMINISTRACAO (PCIFE) - 701200,DG/CNAT,Capital
500,ODONTOLOGO - 30H - DEC JUD (PCIFE) - 701093,DG/SPO,Interior
501,TECNICO EM MINERACAO (PCIFE) - 701249,DG/PAAS,Interior
502,ASSISTENTE DE ALUNO (PCIFE) - 701403,DG/MO,Interior
503,ASSISTENTE EM ADMINISTRACAO (PCIFE) - 701200,DG/CANG,Interior
504,PEDAGOGO-AREA (PCIFE) - 701058,DG/MC,Interior
505,TECNICO DE LABORATORIO AREA (PCIFE) - 701244,CCAL,Capital
506,AUXILIAR EM ASSUNTOS EDUCACIONAIS (PCIFE) - 701408,DG/SPO,Interior
507,ASSISTENTE EM ADMINISTRACAO (PCIFE) - 701200,DG/MC,Interior
508,AUX EM ADMINISTRACAO (PCIFE) - 701405,DG/SPO,Interior
509,ANALISTA DE TEC DA INFORMACAO (PCIFE) - 701062,RE,Capital
510,ADMINISTRADOR (PCIFE) - 701001,DG/CNAT,Capital
511,ASSISTENTE EM ADMINISTRACAO (PCIFE) - 701200,DG/AP,Interior
512,PEDAGOGO-AREA (PCIFE) - 701058,DG/CNAT,Capital
513,BIBLIOTECARIO-DOCUMENTALISTA (PCIFE) - 701010,CCAL,Capital
514,ENGENHEIRO-AREA (PCIFE) - 701031,RE,Capital
515,AUX EM ADMINISTRACAO (PCIFE) - 701405,DG/SPO,Interior
516,AUX EM ADMINISTRACAO (PCIFE) - 701405,DG/JC,Interior
517,TECNICO EM ENFERMAGEM (PCIFE) - 701233,CSGA,Interior
518,ASSISTENTE EM ADMINISTRACAO (PCIFE) - 701200,DG/CNAT,Capital
519,TECNICO DE LABORATORIO AREA (PCIFE) - 701244,CCAL,Capital
520,TEC DE TECNOLOGIA DA INFORMACAO (PCIFE) - 701226,CSGA,Interior
521,ANALISTA DE TEC DA INFORMACAO (PCIFE) - 701062,RE,Capital
522,VIGILANTE (PCIFE) - 701269,DG/CNAT,Capital
523,TECNICO EM SECRETARIADO (PCIFE) - 701275,DG/LAJ,Interior
524,CARPINTEIRO (PCIFE) - 701627,DG/CNAT,Capital
525,ASSISTENTE EM ADMINISTRACAO (PCIFE) - 701200,DG/JC,Interior
526,AUX EM ADMINISTRACAO (PCIFE) - 701405,DG/CNAT,Capital
527,ASSISTENTE EM ADMINISTRACAO (PCIFE) - 701200,DG/CNAT,Capital
528,AUDITOR (PCIFE) - 701009,RE,Capital
529,ASSISTENTE EM ADMINISTRACAO (PCIFE) - 701200,ZN,Capital
530,BIBLIOTECARIO-DOCUMENTALISTA (PCIFE) - 701010,DG/AP,Interior
531,ENGENHEIRO-AREA (PCIFE) - 701031,DG/CNAT,Capital
532,ASSISTENTE EM ADMINISTRACAO (PCIFE) - 701200,DG/CNAT,Capital
533,SECRETARIO EXECUTIVO (PCIFE) - 701076,CM,Interior
534,ASSISTENTE EM ADMINISTRACAO (PCIFE) - 701200,DG/MO,Interior
535,TECNICO DE LABORATORIO AREA (PCIFE) - 701244,DG/CN,Interior
536,TECNICO EM ENFERMAGEM (PCIFE) - 701233,DG/CANG,Interior
537,AUDITOR (PCIFE) - 701009,RE,Capital
538,ADMINISTRADOR (PCIFE) - 701001,DG/PAR,Interior
539,TRADUTOR INTERPRETE DE LINGUAGEM SINAIS (PCIFE) - 701266,DG/PAR,Interior
540,TECNICO EM CONTABILIDADE (PCIFE) - 701224,DG/PAAS,Interior
541,TECNICO EM AUDIOVISUAL (PCIFE) - 701221,RE,Capital
542,TECNICO DE LABORATORIO AREA (PCIFE) - 701244,CM,Interior
543,PROCURADOR FEDERAL (CAJ) - 408001,RE,Capital
544,TECNICO DE LABORATORIO AREA (PCIFE) - 701244,DG/PAR,Interior
545,TEC DE TECNOLOGIA DA INFORMACAO (PCIFE) - 701226,RE,Capital
546,PSICOLOGO-AREA (PCIFE) - 701060,CSGA,Interior
547,ASSISTENTE EM ADMINISTRACAO (PCIFE) - 701200,RE,Capital
548,ASSISTENTE EM ADMINISTRACAO (PCIFE) - 701200,DG/MO,Interior
549,ASSISTENTE SOCIAL (PCIFE) - 701006,DG/AP,Interior
550,SERVENTE DE LIMPEZA (PCIFE) - 701823,DG/CNAT,Capital
551,PEDAGOGO-AREA (PCIFE) - 701058,DG/JC,Interior
552,PSICOLOGO-AREA (PCIFE) - 701060,DG/SPO,Interior
553,AUX EM ADMINISTRACAO (PCIFE) - 701405,RE,Capital
554,ASSISTENTE DE ALUNO (PCIFE) - 701403,DG/CN,Interior
555,MEDICO - PCCTAE (PCMED) - 647001,CSGA,Interior
556,TECNICO EM SECRETARIADO (PCIFE) - 701275,DG/CANG,Interior
557,TECNICO DE LABORATORIO AREA (PCIFE) - 701244,DG/PF,Interior
558,TECNICO EM ASSUNTOS EDUCACIONAIS (PCIFE) - 701079,DG/PAAS,Interior
559,ASSISTENTE EM ADMINISTRACAO (PCIFE) - 701200,DG/CNAT,Capital
560,AUX EM ADMINISTRACAO (PCIFE) - 701405,DG/LAJ,Interior
561,AUX EM ADMINISTRACAO (PCIFE) - 701405,CSGA,Interior
562,TEC DE TECNOLOGIA DA INFORMACAO (PCIFE) - 701226,DG/PF,Interior
563,ASSISTENTE EM ADMINISTRACAO (PCIFE) - 701200,DG/CNAT,Capital
564,CONTADOR (PCIFE) - 701015,DG/CN,Interior
565,TECNICO DE LABORATORIO AREA (PCIFE) - 701244,DG/CNAT,Capital
566,ANALISTA DE TEC DA INFORMACAO (PCIFE) - 701062,RE,Capital
567,ASSISTENTE EM ADMINISTRACAO (PCIFE) - 701200,NC,Interior
568,ASSISTENTE EM ADMINISTRACAO (PCIFE) - 701200,DG/AP,Interior
569,TECNICO DE LABORATORIO AREA (PCIFE) - 701244,DG/CNAT,Capital
570,TECNICO EM QUIMICA (PCIFE) - 701256,DG/MC,Interior
571,ASSISTENTE EM ADMINISTRACAO (PCIFE) - 701200,RE,Capital
572,TECNICO EM ENFERMAGEM (PCIFE) - 701233,DG/PAAS,Interior
573,NUTRICIONISTA-HABILITACAO (PCIFE) - 701055,DG/AP,Interior
574,TECNICO DE LABORATORIO AREA (PCIFE) - 701244,DG/PF,Interior
575,ODONTOLOGO - 40 HORAS (PCIFE) - 701064,CM,Interior
576,ASSISTENTE DE LABORATORIO (PCIFE) - 701437,CM,Interior
577,TRADUTOR INTERPRETE DE LINGUAGEM SINAIS (PCIFE) - 701266,DG/AP,Interior
578,ASSISTENTE EM ADMINISTRACAO (PCIFE) - 701200,CCAL,Capital
579,TRADUTOR INTERPRETE DE LINGUAGEM SINAIS (PCIFE) - 701266,DG/ZL,Capital
580,TEC EM SEGURANCA DO TRABALHO (PCIFE) - 701262,DG/MO,Interior
581,AUX EM ADMINISTRACAO (PCIFE) - 701405,CCAL,Capital
582,ASSISTENTE EM ADMINISTRACAO (PCIFE) - 701200,DG/CA,Interior
583,ASSISTENTE EM ADMINISTRACAO (PCIFE) - 701200,RE,Capital
584,ASSISTENTE EM ADMINISTRACAO (PCIFE) - 701200,DG/ZL,Capital
585,TECNICO DE LABORATORIO AREA (PCIFE) - 701244,DG/ZN,Capital
586,ENFERMEIRO-AREA (PCIFE) - 701029,DG/LAJ,Interior
587,VIGILANTE (PCIFE) - 701269,DG/MO,Interior
588,ASSISTENTE EM ADMINISTRACAO (PCIFE) - 701200,DG/IP,Interior
589,ASSISTENTE EM ADMINISTRACAO (PCIFE) - 701200,DG/PAR,Interior
590,TECNICO DE LABORATORIO AREA (PCIFE) - 701244,DG/IP,Interior
591,ASSISTENTE EM ADMINISTRACAO (PCIFE) - 701200,DG/SC,Interior
592,ASSISTENTE DE ALUNO (PCIFE) - 701403,CM,Interior
593,ASSISTENTE EM ADMINISTRACAO (PCIFE) - 701200,DG/MO,Interior
594,TEC DE TECNOLOGIA DA INFORMACAO (PCIFE) - 701226,DG/MC,Interior
595,ASSISTENTE EM ADMINISTRACAO (PCIFE) - 701200,DG/ZN,Capital
596,AUX EM ADMINISTRACAO (PCIFE) - 701405,DG/MC,Interior
597,TECNICO DE LABORATORIO AREA (PCIFE) - 701244,DG/IP,Interior
598,PSICOLOGO-AREA (PCIFE) - 701060,DG/CA,Interior
599,TECNICO EM AUDIOVISUAL (PCIFE) - 701221,CSGA,Interior
600,ENGENHEIRO-AREA (PCIFE) - 701031,DG/SPO,Interior
601,ASSISTENTE EM ADMINISTRACAO (PCIFE) - 701200,DG/MO,Interior
602,ADMINISTRADOR (PCIFE) - 701001,DG/MO,Interior
603,MEDICO - PCCTAE (PCMED) - 647001,DG/IP,Interior
604,ASSISTENTE EM ADMINISTRACAO (PCIFE) - 701200,DG/SC,Interior
605,TEC DE TECNOLOGIA DA INFORMACAO (PCIFE) - 701226,DG/MO,Interior
606,AUX EM ADMINISTRACAO (PCIFE) - 701405,DG/SPO,Interior
607,TEC DE TECNOLOGIA DA INFORMACAO (PCIFE) - 701226,RE,Capital
608,PORTEIRO (PCIFE) - 701458,DG/MO,Interior
609,TECNICO DE LABORATORIO AREA (PCIFE) - 701244,DG/CA,Interior
610,AUX EM ADMINISTRACAO (PCIFE) - 701405,DG/ZL,Capital
611,TECNICO DE LABORATORIO AREA (PCIFE) - 701244,DG/CANG,Interior
612,ASSISTENTE EM ADMINISTRACAO (PCIFE) - 701200,DG/SC,Interior
613,ASSISTENTE EM ADMINISTRACAO (PCIFE) - 701200,RE,Capital
614,MEDICO - PCCTAE (PCMED) - 647001,DG/PAR,Interior
615,ADMINISTRADOR (PCIFE) - 701001,DG/PAAS,Interior
616,BIBLIOTECARIO-DOCUMENTALISTA (PCIFE) - 701010,DG/CNAT,Capital
617,ASSISTENTE SOCIAL (PCIFE) - 701006,DG/PAR,Interior
618,TECNICO EM ASSUNTOS EDUCACIONAIS (PCIFE) - 701079,DG/CN,Interior
619,ASSISTENTE EM ADMINISTRACAO (PCIFE) - 701200,DG/CNAT,Capital
620,TECNICO EM ASSUNTOS EDUCACIONAIS (PCIFE) - 701079,DG/CNAT,Capital
621,TECNICO DE LABORATORIO AREA (PCIFE) - 701244,DG/CANG,Interior
622,TECNICO EM CONTABILIDADE (PCIFE) - 701224,DG/MO,Interior
623,DIAGRAMADOR (PCIFE) - 701205,RE,Capital
624,TECNICO DE LABORATORIO AREA (PCIFE) - 701244,DG/CA,Interior
625,ASSISTENTE SOCIAL (PCIFE) - 701006,DG/SC,Interior
626,TECNICO DE LABORATORIO AREA (PCIFE) - 701244,DG/CN,Interior
627,AUX EM ADMINISTRACAO (PCIFE) - 701405,RE,Capital
628,ADMINISTRADOR (PCIFE) - 701001,DG/AP,Interior
629,TECNICO DE LABORATORIO AREA (PCIFE) - 701244,DG/PAAS,Interior
630,AUDITOR (PCIFE) - 701009,RE,Capital
631,ASSISTENTE EM ADMINISTRACAO (PCIFE) - 701200,DG/CN,Interior
632,ANALISTA DE TEC DA INFORMACAO (PCIFE) - 701062,RE,Capital
633,ASSISTENTE EM ADMINISTRACAO (PCIFE) - 701200,DG/PF,Interior
634,ASSISTENTE EM ADMINISTRACAO (PCIFE) - 701200,DG/IP,Interior
635,JORNALISTA (PCIFE) - 701045,RE,Capital
636,ANALISTA DE TEC DA INFORMACAO (PCIFE) - 701062,RE,Capital
637,ANALISTA DE TEC DA INFORMACAO (PCIFE) - 701062,RE,Capital
638,ASSISTENTE EM ADMINISTRACAO (PCIFE) - 701200,DG/JC,Interior
639,AUXILIAR DE BIBLIOTECA (PCIFE) - 701409,DG/AP,Interior
640,TECNICO DE LABORATORIO AREA (PCIFE) - 701244,DG/IP,Interior
641,AUDITOR (PCIFE) - 701009,RE,Capital
642,TEC DE TECNOLOGIA DA INFORMACAO (PCIFE) - 701226,DG/MO,Interior
643,ASSISTENTE DE ALUNO (PCIFE) - 701403,DG/PAR,Interior
644,SERVENTE DE OBRAS (PCIFE) - 701824,DG/CNAT,Capital
645,ASSISTENTE EM ADMINISTRACAO (PCIFE) - 701200,DG/CNAT,Capital
646,TECNICO EM ASSUNTOS EDUCACIONAIS (PCIFE) - 701079,DG/JC,Interior
647,AUX EM ADMINISTRACAO (PCIFE) - 701405,DG/JC,Interior
648,ASSISTENTE EM ADMINISTRACAO (PCIFE) - 701200,DG/ZN,Capital
649,ASSISTENTE EM ADMINISTRACAO (PCIFE) - 701200,DG/PF,Interior
650,ASSISTENTE EM ADMINISTRACAO (PCIFE) - 701200,DG/CN,Interior
651,ENFERMEIRO-AREA (PCIFE) - 701029,DG/PAAS,Interior
652,AUXILIAR EM ASSUNTOS EDUCACIONAIS (PCIFE) - 701408,DG/SPO,Interior
653,ASSISTENTE DE ALUNO (PCIFE) - 701403,DG/IP,Interior
654,TECNICO DE LABORATORIO AREA (PCIFE) - 701244,DG/CNAT,Capital
655,ASSISTENTE EM ADMINISTRACAO (PCIFE) - 701200,NC,Interior
656,TECNICO EM AUDIOVISUAL (PCIFE) - 701221,DG/ZL,Capital
657,PROGRAMADOR VISUAL (PCIFE) - 701066,RE,Capital
658,VIGILANTE (PCIFE) - 701269,DG/CNAT,Capital
659,ASSISTENTE EM ADMINISTRACAO (PCIFE) - 701200,DG/SC,Interior
660,TECNICO EM SECRETARIADO (PCIFE) - 701275,DG/MO,Interior
661,ASSISTENTE EM ADMINISTRACAO (PCIFE) - 701200,DG/SC,Interior
662,CONTADOR (PCIFE) - 701015,CM,Interior
663,NUTRICIONISTA-HABILITACAO (PCIFE) - 701055,DG/CANG,Interior
664,ASSISTENTE EM ADMINISTRACAO (PCIFE) - 701200,DG/MO,Interior
665,PSICOLOGO-AREA (PCIFE) - 701060,DG/CNAT,Capital
666,ASSISTENTE EM ADMINISTRACAO (PCIFE) - 701200,DG/CNAT,Capital
667,TRADUTOR INTERPRETE DE LINGUAGEM SINAIS (PCIFE) - 701266,DG/CNAT,Capital
668,TECNICO EM ALIMENTOS E LATICINIOS (PCIFE) - 701215,DG/PF,Interior
669,AUX EM ADMINISTRACAO (PCIFE) - 701405,DG/CANG,Interior
670,ASSISTENTE EM ADMINISTRACAO (PCIFE) - 701200,DG/ZL,Capital
671,AUDITOR (PCIFE) - 701009,RE,Capital
672,ASSISTENTE EM ADMINISTRACAO (PCIFE) - 701200,DG/PAR,Interior
673,ASSISTENTE SOCIAL (PCIFE) - 701006,DG/PAR,Interior
674,ASSISTENTE EM ADMINISTRACAO (PCIFE) - 701200,DG/CNAT,Capital
675,PEDAGOGO-AREA (PCIFE) - 701058,DG/PAR,Interior
676,ASSISTENTE DE ALUNO (PCIFE) - 701403,DG/IP,Interior
677,ADMINISTRADOR (PCIFE) - 701001,DG/PAR,Interior
678,ASSISTENTE SOCIAL (PCIFE) - 701006,DG/PAAS,Interior
679,PEDAGOGO-AREA (PCIFE) - 701058,NC,Interior
680,MEDICO - PCCTAE (PCMED) - 647001,DG/CN,Interior
681,ASSISTENTE DE ALUNO (PCIFE) - 701403,CCAL,Capital
682,ENGENHEIRO-AREA (PCIFE) - 701031,DG/ZN,Capital
683,PORTEIRO (PCIFE) - 701458,RE,Capital
684,ASSISTENTE EM ADMINISTRACAO (PCIFE) - 701200,DG/AP,Interior
685,TECNICO DE LABORATORIO AREA (PCIFE) - 701244,CCAL,Capital
686,ASSISTENTE EM ADMINISTRACAO (PCIFE) - 701200,DG/PF,Interior
687,AUX EM ADMINISTRACAO (PCIFE) - 701405,CCAL,Capital
688,TECNICO EM ENFERMAGEM (PCIFE) - 701233,DG/ZN,Capital
689,CONTADOR (PCIFE) - 701015,RE,Capital
690,MEDICO VETERINARIO - PCCTAE (PCMED) - 647002,RE,Capital
691,TECNICO EM AUDIOVISUAL (PCIFE) - 701221,DG/ZN,Capital
692,ASSISTENTE DE ALUNO (PCIFE) - 701403,DG/PAR,Interior
693,ASSISTENTE EM ADMINISTRACAO (PCIFE) - 701200,DG/MC,Interior
694,ADMINISTRADOR (PCIFE) - 701001,DG/PF,Interior
695,ASSISTENTE EM ADMINISTRACAO (PCIFE) - 701200,DG/CNAT,Capital
696,NUTRICIONISTA-HABILITACAO (PCIFE) - 701055,DG/CNAT,Capital
697,ASSISTENTE DE ALUNO (PCIFE) - 701403,DG/LAJ,Interior
698,ASSISTENTE SOCIAL (PCIFE) - 701006,RE,Capital
699,TECNICO DE LABORATORIO AREA (PCIFE) - 701244,CSGA,Interior
700,TECNICO EM ASSUNTOS EDUCACIONAIS (PCIFE) - 701079,DG/MC,Interior
701,BIBLIOTECARIO-DOCUMENTALISTA (PCIFE) - 701010,DG/CN,Interior
702,ASSISTENTE EM ADMINISTRACAO (PCIFE) - 701200,DG/CA,Interior
703,TECNICO EM ENFERMAGEM (PCIFE) - 701233,DG/PAR,Interior
704,TECNICO DE LABORATORIO AREA (PCIFE) - 701244,DG/AP,Interior
705,ASSISTENTE EM ADMINISTRACAO (PCIFE) - 701200,CSGA,Interior
706,ANALISTA DE TEC DA INFORMACAO (PCIFE) - 701062,DG/ZL,Capital
707,ASSISTENTE SOCIAL (PCIFE) - 701006,DG/CNAT,Capital
708,TECNICO DE LABORATORIO AREA (PCIFE) - 701244,CCAL,Capital
709,ASSISTENTE EM ADMINISTRACAO (PCIFE) - 701200,RE,Capital
710,ASSISTENTE EM ADMINISTRACAO (PCIFE) - 701200,DG/JC,Interior
711,ASSISTENTE EM ADMINISTRACAO (PCIFE) - 701200,DG/CNAT,Capital
712,ASSISTENTE EM ADMINISTRACAO (PCIFE) - 701200,DG/CNAT,Capital
713,ADMINISTRADOR (PCIFE) - 701001,RE,Capital
714,ASSISTENTE EM ADMINISTRACAO (PCIFE) - 701200,DG/MO,Interior
715,ASSISTENTE EM ADMINISTRACAO (PCIFE) - 701200,DG/ZL,Capital
716,ODONTOLOGO - 40 HORAS (PCIFE) - 701064,DG/CANG,Interior
717,AUX EM ADMINISTRACAO (PCIFE) - 701405,DG/ZN,Capital
718,ASSISTENTE EM ADMINISTRACAO (PCIFE) - 701200,DG/CANG,Interior
719,ODONTOLOGO - 40 HORAS (PCIFE) - 701064,DG/AP,Interior
720,ASSISTENTE EM ADMINISTRACAO (PCIFE) - 701200,DG/ZN,Capital
721,TECNICO DE LABORATORIO AREA (PCIFE) - 701244,DG/LAJ,Interior
722,ASSISTENTE EM ADMINISTRACAO (PCIFE) - 701200,DG/ZL,Capital
723,AUDITOR (PCIFE) - 701009,RE,Capital
724,TECNICO DE LABORATORIO AREA (PCIFE) - 701244,DG/JC,Interior
725,ASSISTENTE EM ADMINISTRACAO (PCIFE) - 701200,DG/IP,Interior
726,ASSISTENTE DE ALUNO (PCIFE) - 701403,NC,Interior
727,TECNICO EM CONTABILIDADE (PCIFE) - 701224,DG/CANG,Interior
728,TECNICO EM ENFERMAGEM (PCIFE) - 701233,CM,Interior
729,ASSISTENTE EM ADMINISTRACAO (PCIFE) - 701200,DG/CA,Interior
730,AUX EM ADMINISTRACAO (PCIFE) - 701405,CSGA,Interior
731,ASSISTENTE EM ADMINISTRACAO (PCIFE) - 701200,DG/SPO,Interior
732,TECNICO DE LABORATORIO AREA (PCIFE) - 701244,DG/CNAT,Capital
733,ASSISTENTE EM ADMINISTRACAO (PCIFE) - 701200,DG/CN,Interior
734,ASSISTENTE SOCIAL (PCIFE) - 701006,DG/CN,Interior
735,DIAGRAMADOR (PCIFE) - 701205,DG/ZL,Capital
736,TECNICO EM MECANICA (PCIFE) - 701245,DG/SC,Interior
737,AUDITOR (PCIFE) - 701009,RE,Capital
738,TRADUTOR INTERPRETE DE LINGUAGEM SINAIS (PCIFE) - 701266,DG/LAJ,Interior
739,TECNICO DE LABORATORIO AREA (PCIFE) - 701244,DG/PF,Interior
740,BIBLIOTECARIO-DOCUMENTALISTA (PCIFE) - 701010,CNAT,Capital
741,TEC DE TECNOLOGIA DA INFORMACAO (PCIFE) - 701226,DG/JUC,Interior
742,AUX EM ADMINISTRACAO (PCIFE) - 701405,DG/ZN,Capital
743,ENGENHEIRO DE SEG DO TRABALHO (PCIFE) - 701032,RE,Capital
744,ADMINISTRADOR (PCIFE) - 701001,DG/CN,Interior
745,AUX EM ADMINISTRACAO (PCIFE) - 701405,DG/CNAT,Capital
746,ASSISTENTE EM ADMINISTRACAO (PCIFE) - 701200,DG/JC,Interior
747,MEDICO - PCCTAE (PCMED) - 647001,DG/CNAT,Capital
748,ASSISTENTE SOCIAL (PCIFE) - 701006,RE,Capital
749,MEDICO - PCCTAE (PCMED) - 647001,CCAL,Capital
750,ASSISTENTE SOCIAL (PCIFE) - 701006,NC,Interior
751,ASSISTENTE DE ALUNO (PCIFE) - 701403,DG/CANG,Interior
752,ASSISTENTE EM ADMINISTRACAO (PCIFE) - 701200,DG/CNAT,Capital
753,ASSISTENTE EM ADMINISTRACAO (PCIFE) - 701200,RE,Capital
754,ASSISTENTE EM ADMINISTRACAO (PCIFE) - 701200,RE,Capital
755,TEC EM SEGURANCA DO TRABALHO (PCIFE) - 701262,CM,Interior
756,ASSISTENTE SOCIAL (PCIFE) - 701006,DG/SC,Interior
757,TECNICO EM SECRETARIADO (PCIFE) - 701275,DG/SC,Interior
758,TECNICO EM ASSUNTOS EDUCACIONAIS (PCIFE) - 701079,CM,Interior
759,AUX EM ADMINISTRACAO (PCIFE) - 701405,DG/PF,Interior
760,AUX EM ADMINISTRACAO (PCIFE) - 701405,RE,Capital
761,BIBLIOTECARIO-DOCUMENTALISTA (PCIFE) - 701010,DG/MC,Interior
762,TECNICO DE LABORATORIO AREA (PCIFE) - 701244,CSGA,Interior
763,ASSISTENTE EM ADMINISTRACAO (PCIFE) - 701200,DG/CA,Interior
764,ANALISTA DE TEC DA INFORMACAO (PCIFE) - 701062,RE,Capital
765,TECNICO DE LABORATORIO AREA (PCIFE) - 701244,DG/CNAT,Capital
766,ASSISTENTE EM ADMINISTRACAO (PCIFE) - 701200,DG/IP,Interior
767,PEDAGOGO-AREA (PCIFE) - 701058,RE,Capital
768,PEDAGOGO-AREA (PCIFE) - 701058,DG/CNAT,Capital
769,TECNICO EM ENFERMAGEM (PCIFE) - 701233,CCAL,Capital
770,AUX EM ADMINISTRACAO (PCIFE) - 701405,DG/CN,Interior
771,MOTORISTA (PCIFE) - 701445,DG/CNAT,Capital
772,TECNICO DE LABORATORIO AREA (PCIFE) - 701244,DG/SC,Interior
773,TECNOLOGO-FORMACAO (PCIFE) - 701081,CCAL,Capital
774,TECNICO EM ASSUNTOS EDUCACIONAIS (PCIFE) - 701079,CSGA,Interior
775,ASSISTENTE DE ALUNO (PCIFE) - 701403,DG/AP,Interior
776,AUX EM ADMINISTRACAO (PCIFE) - 701405,CSGA,Interior
777,TECNICO EM ASSUNTOS EDUCACIONAIS (PCIFE) - 701079,DG/SPO,Interior
778,TECNICO EM QUIMICA (PCIFE) - 701256,DG/MC,Interior
779,TECNICO EM MECANICA (PCIFE) - 701245,DG/CNAT,Capital
780,MEDICO - PCCTAE (PCMED) - 647001,CCAL,Capital
781,ASSISTENTE EM ADMINISTRACAO (PCIFE) - 701200,RE,Capital
782,AUX EM ADMINISTRACAO (PCIFE) - 701405,DG/ZN,Capital
783,AUXILIAR DE BIBLIOTECA (PCIFE) - 701409,DG/JC,Interior
784,ASSISTENTE EM ADMINISTRACAO (PCIFE) - 701200,DG/CNAT,Capital
785,ASSISTENTE EM ADMINISTRACAO (PCIFE) - 701200,RE,Capital
786,ASSISTENTE EM ADMINISTRACAO (PCIFE) - 701200,DG/CN,Interior
787,TEC DE TECNOLOGIA DA INFORMACAO (PCIFE) - 701226,DG/JC,Interior
788,TECNOLOGO-FORMACAO (PCIFE) - 701081,RE,Capital
789,TECNICO EM CONTABILIDADE (PCIFE) - 701224,DG/PAR,Interior
790,ASSISTENTE SOCIAL (PCIFE) - 701006,DG/MO,Interior
791,SERVENTE DE LIMPEZA (PCIFE) - 701823,DG/MO,Interior
792,ASSISTENTE DE ALUNO (PCIFE) - 701403,DG/SPO,Interior
793,ASSISTENTE DE ALUNO (PCIFE) - 701403,DG/MC,Interior
794,MOTORISTA (PCIFE) - 701445,DG/CNAT,Capital
795,TEC DE TECNOLOGIA DA INFORMACAO (PCIFE) - 701226,DG/LAJ,Interior
796,TECNICO DE LABORATORIO AREA (PCIFE) - 701244,DG/ZN,Capital
797,BIBLIOTECARIO-DOCUMENTALISTA (PCIFE) - 701010,NC,Interior
798,ASSISTENTE SOCIAL (PCIFE) - 701006,DG/MO,Interior
799,ASSISTENTE EM ADMINISTRACAO (PCIFE) - 701200,CCAL,Capital
800,TECNOLOGO-FORMACAO (PCIFE) - 701081,CSGA,Interior
801,AUX EM ADMINISTRACAO (PCIFE) - 701405,RE,Capital
802,ENGENHEIRO-AREA (PCIFE) - 701031,DG/CN,Interior
803,ASSISTENTE EM ADMINISTRACAO (PCIFE) - 701200,DG/CNAT,Capital
804,ASSISTENTE EM ADMINISTRACAO (PCIFE) - 701200,DG/SC,Interior
805,TRADUTOR INTERPRETE DE LINGUAGEM SINAIS (PCIFE) - 701266,DG/ZL,Capital
806,ASSISTENTE EM ADMINISTRACAO (PCIFE) - 701200,DG/MO,Interior
807,TECNICO EM ASSUNTOS EDUCACIONAIS (PCIFE) - 701079,DG/CNAT,Capital
808,ASSISTENTE EM ADMINISTRACAO (PCIFE) - 701200,DG/CN,Interior
809,ODONTOLOGO - 30H - DEC JUD (PCIFE) - 701093,CSGA,Interior
810,TRADUTOR INTERPRETE DE LINGUAGEM SINAIS (PCIFE) - 701266,DG/CNAT,Capital
811,TECNICO EM ENFERMAGEM (PCIFE) - 701233,DG/CNAT,Capital
812,AUXILIAR DE ENFERMAGEM (PCIFE) - 701411,DG/CNAT,Capital
813,ASSISTENTE DE LABORATORIO (PCIFE) - 701437,DG/MO,Interior
814,ENGENHEIRO-AREA (PCIFE) - 701031,RE,Capital
815,ASSISTENTE DE ALUNO (PCIFE) - 701403,NC,Interior
816,PEDAGOGO-AREA (PCIFE) - 701058,DG/MO,Interior
817,TECNICO EM ASSUNTOS EDUCACIONAIS (PCIFE) - 701079,CCAL,Capital
818,MEDICO - PCCTAE (PCMED) - 647001,RE,Capital
819,TEC EM SEGURANCA DO TRABALHO (PCIFE) - 701262,DG/CNAT,Capital
820,ASSISTENTE EM ADMINISTRACAO (PCIFE) - 701200,DG/ZL,Capital
821,TECNICO DE LABORATORIO AREA (PCIFE) - 701244,DG/CA,Interior
822,ARQUITETO E URBANISTA (PCIFE) - 701004,RE,Capital
823,ASSISTENTE EM ADMINISTRACAO (PCIFE) - 701200,DG/MC,Interior
824,ASSISTENTE DE ALUNO (PCIFE) - 701403,DG/IP,Interior
825,AUX EM ADMINISTRACAO (PCIFE) - 701405,RE,Capital
826,ASSISTENTE EM ADMINISTRACAO (PCIFE) - 701200,DG/SPO,Interior
827,ECONOMISTA (PCIFE) - 701026,RE,Capital
828,PSICOLOGO-AREA (PCIFE) - 701060,DG/ZN,Capital
829,PEDAGOGO-AREA (PCIFE) - 701058,DG/ZL,Capital
830,ODONTOLOGO - 40 HORAS (PCIFE) - 701064,DG/CA,Interior
831,SECRETARIO EXECUTIVO (PCIFE) - 701076,DG/CANG,Interior
832,SECRETARIO EXECUTIVO (PCIFE) - 701076,RE,Capital
833,ATENDENTE DE CONSULTORIO-AREA (PCIFE) - 701609,MO,Interior
834,TECNICO EM ASSUNTOS EDUCACIONAIS (PCIFE) - 701079,DG/SPO,Interior
835,PUBLICITARIO (PCIFE) - 701067,RE,Capital
836,AUX EM ADMINISTRACAO (PCIFE) - 701405,DG/PAR,Interior
837,AUX EM ADMINISTRACAO (PCIFE) - 701405,DG/CNAT,Capital
838,TECNICO EM ENFERMAGEM (PCIFE) - 701233,DG/PAR,Interior
839,ASSISTENTE DE ALUNO (PCIFE) - 701403,DG/CNAT,Capital
840,BIBLIOTECARIO-DOCUMENTALISTA (PCIFE) - 701010,DG/CA,Interior
841,ASSISTENTE EM ADMINISTRACAO (PCIFE) - 701200,RE,Capital
842,PEDAGOGO-AREA (PCIFE) - 701058,DG/CN,Interior
843,ASSISTENTE EM ADMINISTRACAO (PCIFE) - 701200,DG/CN,Interior
844,AUX EM ADMINISTRACAO (PCIFE) - 701405,DG/CA,Interior
845,CONTADOR (PCIFE) - 701015,DG/CA,Interior
846,PEDAGOGO-AREA (PCIFE) - 701058,DG/CNAT,Capital
847,TECNICO EM SECRETARIADO (PCIFE) - 701275,CM,Interior
848,PEDAGOGO-AREA (PCIFE) - 701058,DG/ZN,Capital
849,TEC DE TECNOLOGIA DA INFORMACAO (PCIFE) - 701226,DG/SPO,Interior
850,NUTRICIONISTA-HABILITACAO (PCIFE) - 701055,RE,Capital
851,BIBLIOTECARIO-DOCUMENTALISTA (PCIFE) - 701010,DG/CNAT,Capital
852,ASSISTENTE EM ADMINISTRACAO (PCIFE) - 701200,DG/AP,Interior
853,TRADUTOR INTERPRETE DE LINGUAGEM SINAIS (PCIFE) - 701266,DG/CNAT,Capital
854,TECNICO DE LABORATORIO AREA (PCIFE) - 701244,DG/SPO,Interior
855,TECNICO EM ASSUNTOS EDUCACIONAIS (PCIFE) - 701079,DG/JC,Interior
856,ASSISTENTE EM ADMINISTRACAO (PCIFE) - 701200,DG/CN,Interior
857,TECNICO DE LABORATORIO AREA (PCIFE) - 701244,DG/CN,Interior
858,ENGENHEIRO-AREA (PCIFE) - 701031,NC,Interior
859,AUX EM ADMINISTRACAO (PCIFE) - 701405,NC,Interior
860,BIBLIOTECARIO-DOCUMENTALISTA (PCIFE) - 701010,CSGA,Interior
861,PEDAGOGO-AREA (PCIFE) - 701058,DG/MO,Interior
862,TECNICO DE LABORATORIO AREA (PCIFE) - 701244,DG/IP,Interior
863,TECNICO EM ASSUNTOS EDUCACIONAIS (PCIFE) - 701079,DG/CNAT,Capital
864,ASSISTENTE EM ADMINISTRACAO (PCIFE) - 701200,DG/CN,Interior
865,ASSISTENTE EM ADMINISTRACAO (PCIFE) - 701200,DG/CNAT,Capital
866,ASSISTENTE EM ADMINISTRACAO (PCIFE) - 701200,DG/SC,Interior
867,ASSISTENTE DE ALUNO (PCIFE) - 701403,CSGA,Interior
868,PEDAGOGO-AREA (PCIFE) - 701058,DG/CNAT,Capital
869,AUX EM ADMINISTRACAO (PCIFE) - 701405,DG/SPO,Interior
870,ASSISTENTE EM ADMINISTRACAO (PCIFE) - 701200,DG/CNAT,Capital
871,ASSISTENTE EM ADMINISTRACAO (PCIFE) - 701200,DG/ZN,Capital
872,ASSISTENTE EM ADMINISTRACAO (PCIFE) - 701200,RE,Capital
873,BIBLIOTECARIO-DOCUMENTALISTA (PCIFE) - 701010,DG/PAR,Interior
874,CONTADOR (PCIFE) - 701015,DG/CNAT,Capital
875,ENGENHEIRO-AREA (PCIFE) - 701031,DG/IP,Interior
876,ASSISTENTE EM ADMINISTRACAO (PCIFE) - 701200,DG/CN,Interior
877,TECNICO DE LABORATORIO AREA (PCIFE) - 701244,DG/MC,Interior
878,TECNICO DE LABORATORIO AREA (PCIFE) - 701244,DG/PAAS,Interior
879,TEC DE TECNOLOGIA DA INFORMACAO (PCIFE) - 701226,DG/IP,Interior
880,TECNICO DE LABORATORIO AREA (PCIFE) - 701244,CM,Interior
881,TECNICO EM ASSUNTOS EDUCACIONAIS (PCIFE) - 701079,DG/SC,Interior
882,ASSISTENTE DE ALUNO (PCIFE) - 701403,DG/JUC,Interior
883,MEDICO - PCCTAE (PCMED) - 647001,DG/CANG,Interior
884,TECNICO DE LABORATORIO AREA (PCIFE) - 701244,RE,Capital
885,MEDICO - PCCTAE (PCMED) - 647001,COAES/SPO,Interior
886,ASSISTENTE EM ADMINISTRACAO (PCIFE) - 701200,DG/CA,Interior
887,ASSISTENTE EM ADMINISTRACAO (PCIFE) - 701200,DG/CNAT,Capital
888,CONTADOR (PCIFE) - 701015,DG/JC,Interior
889,TEC DE TECNOLOGIA DA INFORMACAO (PCIFE) - 701226,DG/AP,Interior
890,TECNICO DE LABORATORIO AREA (PCIFE) - 701244,DG/CNAT,Capital
891,AUX EM ADMINISTRACAO (PCIFE) - 701405,DG/AP,Interior
892,ASSISTENTE EM ADMINISTRACAO (PCIFE) - 701200,DG/IP,Interior
893,ASSISTENTE EM ADMINISTRACAO (PCIFE) - 701200,DG/AP,Interior
894,ASSISTENTE EM ADMINISTRACAO (PCIFE) - 701200,DG/PF,Interior
895,ASSISTENTE EM ADMINISTRACAO (PCIFE) - 701200,CSGA,Interior
896,PROGRAMADOR VISUAL (PCIFE) - 701066,DG/PAR,Interior
897,TECNICO DE LABORATORIO AREA (PCIFE) - 701244,DG/CNAT,Capital
898,ASSISTENTE EM ADMINISTRACAO (PCIFE) - 701200,DG/ZN,Capital
899,ASSISTENTE EM ADMINISTRACAO (PCIFE) - 701200,DG/MC,Interior
900,ASSISTENTE EM ADMINISTRACAO (PCIFE) - 701200,DG/AP,Interior
901,ASSISTENTE EM ADMINISTRACAO (PCIFE) - 701200,NC,Interior
902,AUX EM ADMINISTRACAO (PCIFE) - 701405,DG/SC,Interior
903,ANALISTA DE TEC DA INFORMACAO (PCIFE) - 701062,RE,Capital
904,ASSISTENTE EM ADMINISTRACAO (PCIFE) - 701200,DG/PF,Interior
905,ASSISTENTE EM ADMINISTRACAO (PCIFE) - 701200,DG/CNAT,Capital
906,TECNICO EM ENFERMAGEM (PCIFE) - 701233,DG/MC,Interior
907,ASSISTENTE EM ADMINISTRACAO (PCIFE) - 701200,DG/ZL,Capital
908,ASSISTENTE EM ADMINISTRACAO (PCIFE) - 701200,RE,Capital
909,TECNICO EM ASSUNTOS EDUCACIONAIS (PCIFE) - 701079,DG/JUC,Interior
910,BIBLIOTECARIO-DOCUMENTALISTA (PCIFE) - 701010,CCAL,Capital
911,TECNICO DE LABORATORIO AREA (PCIFE) - 701244,DG/CANG,Interior
912,PEDAGOGO-AREA (PCIFE) - 701058,DG/CANG,Interior
913,AUDITOR (PCIFE) - 701009,RE,Capital
914,ODONTOLOGO - 40 HORAS (PCIFE) - 701064,DG/JC,Interior
915,ASSISTENTE DE ALUNO (PCIFE) - 701403,DG/PAR,Interior
916,TECNICO DE LABORATORIO AREA (PCIFE) - 701244,DG/CNAT,Capital
917,ASSISTENTE SOCIAL (PCIFE) - 701006,DG/MC,Interior
918,AUX EM ADMINISTRACAO (PCIFE) - 701405,DG/ZN,Capital
919,ASSISTENTE EM ADMINISTRACAO (PCIFE) - 701200,DG/MC,Interior
920,PEDAGOGO-AREA (PCIFE) - 701058,DG/MO,Interior
921,ASSISTENTE DE ALUNO (PCIFE) - 701403,CCAL,Capital
922,VIGILANTE (PCIFE) - 701269,DG/CNAT,Capital
923,ENGENHEIRO-AREA (PCIFE) - 701031,DG/MO,Interior
924,PSICOLOGO-AREA (PCIFE) - 701060,DG/CANG,Interior
925,ASSISTENTE EM ADMINISTRACAO (PCIFE) - 701200,DG/ZN,Capital
926,ASSISTENTE EM ADMINISTRACAO (PCIFE) - 701200,DG/LAJ,Interior
927,ASSISTENTE SOCIAL (PCIFE) - 701006,CSGA,Interior
928,SERVENTE DE LIMPEZA (PCIFE) - 701823,DG/CNAT,Capital
929,PSICOLOGO-AREA (PCIFE) - 701060,CCAL,Capital
930,AUX EM ADMINISTRACAO (PCIFE) - 701405,DG/SC,Interior
931,ODONTOLOGO - 30H - DEC JUD (PCIFE) - 701093,DG/MO,Interior
932,TECNICO DE LABORATORIO AREA (PCIFE) - 701244,DG/IP,Interior
933,NUTRICIONISTA-HABILITACAO (PCIFE) - 701055,CCAL,Capital
934,TECNICO DE LABORATORIO AREA (PCIFE) - 701244,DG/IP,Interior
935,ASSISTENTE EM ADMINISTRACAO (PCIFE) - 701200,DG/JC,Interior
936,PROCURADOR FEDERAL (CAJ) - 408001,RE,Capital
937,TECNICO EM ASSUNTOS EDUCACIONAIS (PCIFE) - 701079,RE,Capital
938,BIBLIOTECARIO-DOCUMENTALISTA (PCIFE) - 701010,CM,Interior
939,ASSISTENTE SOCIAL (PCIFE) - 701006,CM,Interior
940,REDATOR (PCIFE) - 701069,DG/SPO,Interior
941,NUTRICIONISTA-HABILITACAO (PCIFE) - 701055,DG/PF,Interior
942,ASSISTENTE EM ADMINISTRACAO (PCIFE) - 701200,DG/CNAT,Capital
943,ADMINISTRADOR (PCIFE) - 701001,DG/CNAT,Capital
944,AUX EM ADMINISTRACAO (PCIFE) - 701405,DG/IP,Interior
945,ASSISTENTE EM ADMINISTRACAO (PCIFE) - 701200,DG/ZL,Capital
946,CONTADOR (PCIFE) - 701015,DG/CA,Interior
947,ASSISTENTE EM ADMINISTRACAO (PCIFE) - 701200,CCAL,Capital
948,TEC DE TECNOLOGIA DA INFORMACAO (PCIFE) - 701226,DG/MC,Interior
949,ASSISTENTE EM ADMINISTRACAO (PCIFE) - 701200,DG/MO,Interior
950,ASSISTENTE EM ADMINISTRACAO (PCIFE) - 701200,DG/CN,Interior
951,CONTADOR (PCIFE) - 701015,DG/PAR,Interior
952,ASSISTENTE EM ADMINISTRACAO (PCIFE) - 701200,RE,Capital
953,AUX EM ADMINISTRACAO (PCIFE) - 701405,DG/ZN,Capital
954,ASSISTENTE DE LABORATORIO (PCIFE) - 701437,DG/CNAT,Capital
955,TECNICO EM ENFERMAGEM (PCIFE) - 701233,DG/CNAT,Capital
956,ASSISTENTE DE ALUNO (PCIFE) - 701403,DG/AP,Interior
957,TEC EM SEGURANCA DO TRABALHO (PCIFE) - 701262,RE,Capital
958,ASSISTENTE EM ADMINISTRACAO (PCIFE) - 701200,DG/IP,Interior
959,ASSISTENTE EM ADMINISTRACAO (PCIFE) - 701200,DG/MO,Interior
960,BIBLIOTECARIO-DOCUMENTALISTA (PCIFE) - 701010,DG/PAAS,Interior
961,MEDICO - PCCTAE (PCMED) - 647001,DG/CNAT,Capital
962,AUX EM ADMINISTRACAO (PCIFE) - 701405,DG/ZL,Capital
963,TECNICO DE LABORATORIO AREA (PCIFE) - 701244,NC,Interior
964,PEDAGOGO-AREA (PCIFE) - 701058,DG/PAR,Interior
965,NUTRICIONISTA-HABILITACAO (PCIFE) - 701055,DG/PAR,Interior
966,ASSISTENTE EM ADMINISTRACAO (PCIFE) - 701200,DG/CNAT,Capital
967,TECNICO EM ASSUNTOS EDUCACIONAIS (PCIFE) - 701079,DG/SPO,Interior
968,ASSISTENTE DE LABORATORIO (PCIFE) - 701437,DG/CNAT,Capital
969,ASSISTENTE EM ADMINISTRACAO (PCIFE) - 701200,DG/IP,Interior
970,ASSISTENTE EM ADMINISTRACAO (PCIFE) - 701200,CM,Interior
971,ASSISTENTE EM ADMINISTRACAO (PCIFE) - 701200,CSGA,Interior
972,ASSISTENTE EM ADMINISTRACAO (PCIFE) - 701200,NC,Interior
973,ANALISTA DE TEC DA INFORMACAO (PCIFE) - 701062,RE,Capital
974,ASSISTENTE EM ADMINISTRACAO (PCIFE) - 701200,CSGA,Interior
975,AUX EM ADMINISTRACAO (PCIFE) - 701405,DG/CNAT,Capital
976,ENGENHEIRO-AREA (PCIFE) - 701031,RE,Capital
977,PEDAGOGO-AREA (PCIFE) - 701058,NC,Interior
978,PSICOLOGO-AREA (PCIFE) - 701060,DG/IP,Interior
979,TECNICO DE LABORATORIO AREA (PCIFE) - 701244,DG/SC,Interior
980,AUDITOR (PCIFE) - 701009,RE,Capital
981,AUXILIAR DE ENFERMAGEM (PCIFE) - 701411,DG/MO,Interior
982,VIGILANTE (PCIFE) - 701269,DG/MO,Interior
983,VIGILANTE (PCIFE) - 701269,DG/CNAT,Capital
984,AUX EM ADMINISTRACAO (PCIFE) - 701405,DG/CNAT,Capital
985,AUX EM ADMINISTRACAO (PCIFE) - 701405,RE,Capital
986,TECNICO EM ALIMENTOS E LATICINIOS (PCIFE) - 701215,DG/CN,Interior
987,AUX EM ADMINISTRACAO (PCIFE) - 701405,DG/MC,Interior
988,SECRETARIO EXECUTIVO (PCIFE) - 701076,RE,Capital
989,ASSISTENTE EM ADMINISTRACAO (PCIFE) - 701200,RE,Capital
990,ASSISTENTE EM ADMINISTRACAO (PCIFE) - 701200,NC,Interior
991,TECNICO EM ENFERMAGEM (PCIFE) - 701233,NC,Interior
992,ODONTOLOGO - 40 HORAS (PCIFE) - 701064,DG/MC,Interior
993,ADMINISTRADOR (PCIFE) - 701001,DG/CANG,Interior
994,PEDAGOGO-AREA (PCIFE) - 701058,RE,Capital
995,SECRETARIO EXECUTIVO (PCIFE) - 701076,RE,Capital
996,ASSISTENTE DE ALUNO (PCIFE) - 701403,DG/JC,Interior
997,TECNICO EM SECRETARIADO (PCIFE) - 701275,RE,Capital
998,TECNICO DE LABORATORIO AREA (PCIFE) - 701244,DG/CA,Interior
999,ZOOTECNISTA (PCIFE) - 701085,DG/IP,Interior
1000,TECNICO DE LABORATORIO AREA (PCIFE) - 701244,DG/IP,Interior
1001,ASSISTENTE EM ADMINISTRACAO (PCIFE) - 701200,CSGA,Interior
1002,TECNICO EM ASSUNTOS EDUCACIONAIS (PCIFE) - 701079,DG/CNAT,Capital
1003,ANALISTA DE TEC DA INFORMACAO (PCIFE) - 701062,RE,Capital
1004,AUX EM ADMINISTRACAO (PCIFE) - 701405,RE,Capital
1005,TECNICO DE LABORATORIO AREA (PCIFE) - 701244,DG/CNAT,Capital
1006,ASSISTENTE DE ALUNO (PCIFE) - 701403,CM,Interior
1007,MEDICO - PCCTAE (PCMED) - 647001,DG/CNAT,Capital
1008,TECNOLOGO-FORMACAO (PCIFE) - 701081,DG/SC,Interior
1009,TECNICO DE LABORATORIO AREA (PCIFE) - 701244,DG/CNAT,Capital
1010,ASSISTENTE DE ALUNO (PCIFE) - 701403,DG/LAJ,Interior
1011,TECNICO EM ENFERMAGEM (PCIFE) - 701233,DG/AP,Interior
1012,ASSISTENTE EM ADMINISTRACAO (PCIFE) - 701200,DG/AP,Interior
1013,PEDAGOGO-AREA (PCIFE) - 701058,DG/SC,Interior
1014,ENFERMEIRO-AREA (PCIFE) - 701029,DG/MO,Interior
1015,TECNICO EM ENFERMAGEM (PCIFE) - 701233,CSGA,Interior
1016,AUX EM ADMINISTRACAO (PCIFE) - 701405,CM,Interior
1017,ADMINISTRADOR (PCIFE) - 701001,RE,Capital
1018,PEDAGOGO-AREA (PCIFE) - 701058,DG/MC,Interior
1019,ASSISTENTE EM ADMINISTRACAO (PCIFE) - 701200,DG/IP,Interior
1020,TECNICO DE LABORATORIO AREA (PCIFE) - 701244,DG/CNAT,Capital
1021,ASSISTENTE EM ADMINISTRACAO (PCIFE) - 701200,DG/CA,Interior
1022,ASSISTENTE EM ADMINISTRACAO (PCIFE) - 701200,DG/CNAT,Capital
1023,REVISOR DE TEXTOS (PCIFE) - 701073,RE,Capital
1024,TECNICO EM ASSUNTOS EDUCACIONAIS (PCIFE) - 701079,DG/IP,Interior
1025,BIBLIOTECARIO-DOCUMENTALISTA (PCIFE) - 701010,DG/PF,Interior
1026,ASSISTENTE EM ADMINISTRACAO (PCIFE) - 701200,RE,Capital
1027,ASSISTENTE EM ADMINISTRACAO (PCIFE) - 701200,DG/LAJ,Interior
1028,TEC DE TECNOLOGIA DA INFORMACAO (PCIFE) - 701226,DG/PF,Interior
1029,JORNALISTA (PCIFE) - 701045,DG/CNAT,Capital
1030,ENFERMEIRO DO TRABALHO (PCIFE) - 701030,RE,Capital
1031,TEC DE TECNOLOGIA DA INFORMACAO (PCIFE) - 701226,DG/ZL,Capital
1032,ASSISTENTE EM ADMINISTRACAO (PCIFE) - 701200,DG/PAAS,Interior
1033,TECNICO DE LABORATORIO AREA (PCIFE) - 701244,CM,Interior
1034,AUXILIAR DE BIBLIOTECA (PCIFE) - 701409,DG/PAAS,Interior
1035,AUX EM ADMINISTRACAO (PCIFE) - 701405,RE,Capital
1036,ASSISTENTE EM ADMINISTRACAO (PCIFE) - 701200,NC,Interior
1037,ASSISTENTE EM ADMINISTRACAO (PCIFE) - 701200,CCAL,Capital
1038,ASSISTENTE EM ADMINISTRACAO (PCIFE) - 701200,DG/PAR,Interior
1039,NUTRICIONISTA-HABILITACAO (PCIFE) - 701055,DG/ZN,Capital
1040,ENGENHEIRO-AREA (PCIFE) - 701031,RE,Capital
1041,TECNICO EM ASSUNTOS EDUCACIONAIS (PCIFE) - 701079,RE,Capital
1042,ASSISTENTE SOCIAL (PCIFE) - 701006,CCAL,Capital
1043,ASSISTENTE EM ADMINISTRACAO (PCIFE) - 701200,DG/PF,Interior
1044,ASSISTENTE EM ADMINISTRACAO (PCIFE) - 701200,DG/AP,Interior
1045,BIBLIOTECARIO-DOCUMENTALISTA (PCIFE) - 701010,DG/SC,Interior
1046,TEC EM METROLOGIA E QUALIDADE (CSTMQ) - 160001,PAR,Interior
1047,TEC DE TECNOLOGIA DA INFORMACAO (PCIFE) - 701226,DG/CA,Interior
1048,ASSISTENTE EM ADMINISTRACAO (PCIFE) - 701200,DG/CNAT,Capital
1049,TECNICO EM ASSUNTOS EDUCACIONAIS (PCIFE) - 701079,DG/ZN,Capital
1050,ASSISTENTE EM ADMINISTRACAO (PCIFE) - 701200,DG/IP,Interior
1051,ASSISTENTE EM ADMINISTRACAO (PCIFE) - 701200,CSGA,Interior
1052,ASSISTENTE DE LABORATORIO (PCIFE) - 701437,NC,Interior
1053,ASSISTENTE EM ADMINISTRACAO (PCIFE) - 701200,DG/MO,Interior
1054,ODONTOLOGO - 40 HORAS (PCIFE) - 701064,RE,Capital
1055,BIBLIOTECARIO-DOCUMENTALISTA (PCIFE) - 701010,DG/CNAT,Capital
1056,TECNICO EM ENFERMAGEM (PCIFE) - 701233,DG/CA,Interior
1057,TECNICO DE LABORATORIO AREA (PCIFE) - 701244,DG/PAR,Interior
1058,AUDITOR (PCIFE) - 701009,RE,Capital
1059,ASSISTENTE SOCIAL (PCIFE) - 701006,DG/SPO,Interior
1060,AUX EM ADMINISTRACAO (PCIFE) - 701405,DG/SPO,Interior
1061,TECNICO DE LABORATORIO AREA (PCIFE) - 701244,DG/LAJ,Interior
1062,TECNICO EM ENFERMAGEM (PCIFE) - 701233,DG/IP,Interior
1063,ANALISTA DE TEC DA INFORMACAO (PCIFE) - 701062,RE,Capital
1064,AUX EM ADMINISTRACAO (PCIFE) - 701405,CSGA,Interior
1065,ASSISTENTE EM ADMINISTRACAO (PCIFE) - 701200,CM,Interior
1066,VIGILANTE (PCIFE) - 701269,DG/CNAT,Capital
1067,TECNICO DE LABORATORIO AREA (PCIFE) - 701244,DG/ZN,Capital
1068,ASSISTENTE EM ADMINISTRACAO (PCIFE) - 701200,CM,Interior
1069,TEC EM SEGURANCA DO TRABALHO (PCIFE) - 701262,RE,Capital
1070,AUX EM ADMINISTRACAO (PCIFE) - 701405,DG/IP,Interior
1071,ASSISTENTE EM ADMINISTRACAO (PCIFE) - 701200,CCAL,Capital
1072,PSICOLOGO-AREA (PCIFE) - 701060,DG/CN,Interior
1073,ASSISTENTE EM ADMINISTRACAO (PCIFE) - 701200,DG/ZN,Capital
1074,TECNICO EM ASSUNTOS EDUCACIONAIS (PCIFE) - 701079,DG/CNAT,Capital
1075,AUXILIAR EM ASSUNTOS EDUCACIONAIS (PCIFE) - 701408,PAR,Interior
1076,AUXILIAR DE BIBLIOTECA (PCIFE) - 701409,DG/SPO,Interior
1077,AUX EM ADMINISTRACAO (PCIFE) - 701405,DG/CA,Interior
1078,ASSISTENTE DE ALUNO (PCIFE) - 701403,DG/CNAT,Capital
1079,ASSISTENTE EM ADMINISTRACAO (PCIFE) - 701200,CSGA,Interior
1080,ASSISTENTE DE ALUNO (PCIFE) - 701403,DG/IP,Interior
1081,ASSISTENTE SOCIAL (PCIFE) - 701006,DG/PAR,Interior
1082,ESTATISTICO (PCIFE) - 701033,RE,Capital
1083,ASSISTENTE SOCIAL (PCIFE) - 701006,DG/ZN,Capital
1084,ASSISTENTE EM ADMINISTRACAO (PCIFE) - 701200,DG/CN,Interior
1085,TECNICO DE LABORATORIO AREA (PCIFE) - 701244,DG/CNAT,Capital
1086,ADMINISTRADOR (PCIFE) - 701001,NC,Interior
1087,ASSISTENTE EM ADMINISTRACAO (PCIFE) - 701200,DG/CNAT,Capital
1088,TECNICO EM ASSUNTOS EDUCACIONAIS (PCIFE) - 701079,DG/CA,Interior
1089,OPERADOR DE TELE-IMPRESSORA (PCIFE) - 701647,RE,Capital
1090,TECNICO DE LABORATORIO AREA (PCIFE) - 701244,DG/MO,Interior
1091,ASSISTENTE SOCIAL (PCIFE) - 701006,NC,Interior
1092,ASSISTENTE EM ADMINISTRACAO (PCIFE) - 701200,DG/MC,Interior
1093,ASSISTENTE EM ADMINISTRACAO (PCIFE) - 701200,DG/PAR,Interior
1094,ADMINISTRADOR (PCIFE) - 701001,RE,Capital
1095,BIBLIOTECARIO-DOCUMENTALISTA (PCIFE) - 701010,DG/IP,Interior
1096,ASSISTENTE EM ADMINISTRACAO (PCIFE) - 701200,DG/MO,Interior
1097,ASSISTENTE EM ADMINISTRACAO (PCIFE) - 701200,DG/CA,Interior
1098,AUX EM ADMINISTRACAO (PCIFE) - 701405,DG/SC,Interior
1099,ASSISTENTE DE ALUNO (PCIFE) - 701403,DG/CA,Interior
1100,TECNOLOGO-FORMACAO (PCIFE) - 701081,RE,Capital
1101,TECNICO EM AUDIOVISUAL (PCIFE) - 701221,DG/CNAT,Capital
1102,AUX EM ADMINISTRACAO (PCIFE) - 701405,RE,Capital
1103,ASSISTENTE EM ADMINISTRACAO (PCIFE) - 701200,CSGA,Interior
1104,ASSISTENTE EM ADMINISTRACAO (PCIFE) - 701200,RE,Capital
1105,TEC EM SEGURANCA DO TRABALHO (PCIFE) - 701262,CN,Interior
1106,TECNICO DE LABORATORIO AREA (PCIFE) - 701244,DG/CNAT,Capital
1107,TRADUTOR INTERPRETE DE LINGUAGEM SINAIS (PCIFE) - 701266,RE,Capital
1108,ASSISTENTE SOCIAL (PCIFE) - 701006,DG/ZL,Capital
1109,TECNICO DE LABORATORIO AREA (PCIFE) - 701244,DG/MC,Interior
1110,ASSISTENTE EM ADMINISTRACAO (PCIFE) - 701200,RE,Capital
1111,BIBLIOTECARIO-DOCUMENTALISTA (PCIFE) - 701010,DG/CNAT,Capital
1112,ASSISTENTE DE ALUNO (PCIFE) - 701403,CCAL,Capital
1113,AUX EM ADMINISTRACAO (PCIFE) - 701405,CSGA,Interior
1114,TECNICO DE LABORATORIO AREA (PCIFE) - 701244,NC,Interior
1115,ENGENHEIRO-AREA (PCIFE) - 701031,DG/AP,Interior
1116,ADMINISTRADOR (PCIFE) - 701001,RE,Capital
1117,NUTRICIONISTA-HABILITACAO (PCIFE) - 701055,CCAL,Capital
1118,ASSISTENTE EM ADMINISTRACAO (PCIFE) - 701200,CCAL,Capital
1119,TECNICO DE LABORATORIO AREA (PCIFE) - 701244,DG/MO,Interior
1120,TEC DE TECNOLOGIA DA INFORMACAO (PCIFE) - 701226,RE,Capital
1121,ASSISTENTE EM ADMINISTRACAO (PCIFE) - 701200,DG/SC,Interior
1122,ASSISTENTE EM ADMINISTRACAO (PCIFE) - 701200,DG/SC,Interior
1123,ODONTOLOGO - 40 HORAS (PCIFE) - 701064,CCAL,Capital
1124,ASSISTENTE EM ADMINISTRACAO (PCIFE) - 701200,DG/SPO,Interior
1125,ASSISTENTE EM ADMINISTRACAO (PCIFE) - 701200,RE,Capital
1126,TECNICO EM AGROPECUARIA (PCIFE) - 701214,DG/AP,Interior
1127,ASSISTENTE EM ADMINISTRACAO (PCIFE) - 701200,RE,Capital
1128,ASSISTENTE EM ADMINISTRACAO (PCIFE) - 701200,DG/AP,Interior
1129,AUX EM ADMINISTRACAO (PCIFE) - 701405,CCAL,Capital
1130,AUX EM ADMINISTRACAO (PCIFE) - 701405,DG/SC,Interior
1131,ASSISTENTE EM ADMINISTRACAO (PCIFE) - 701200,DG/CNAT,Capital
1132,ASSISTENTE EM ADMINISTRACAO (PCIFE) - 701200,DG/ZN,Capital
1133,PROCURADOR FEDERAL (CAJ) - 408001,RE,Capital
1134,BIBLIOTECARIO-DOCUMENTALISTA (PCIFE) - 701010,DG/SPO,Interior
1135,TEC DE TECNOLOGIA DA INFORMACAO (PCIFE) - 701226,DG/CA,Interior
1136,PEDAGOGO-AREA (PCIFE) - 701058,DG/CNAT,Capital
1137,TECNICO EM CONTABILIDADE (PCIFE) - 701224,DG/LAJ,Interior
1138,VIGILANTE (PCIFE) - 701269,DG/CNAT,Capital
1139,ASSISTENTE EM ADMINISTRACAO (PCIFE) - 701200,DG/SC,Interior
1140,ANALISTA DE TEC DA INFORMACAO (PCIFE) - 701062,RE,Capital
1141,MEDICO - PCCTAE (PCMED) - 647001,DG/CA,Interior
1142,TECNICO EM ASSUNTOS EDUCACIONAIS (PCIFE) - 701079,DG/CNAT,Capital
1143,TECNICO DE LABORATORIO AREA (PCIFE) - 701244,DG/MO,Interior
1144,CONTADOR (PCIFE) - 701015,DG/CNAT,Capital
1145,VIGILANTE (PCIFE) - 701269,DG/CNAT,Capital
1146,ASSISTENTE SOCIAL (PCIFE) - 701006,RE,Capital
1147,ASSISTENTE SOCIAL (PCIFE) - 701006,CCAL,Capital
1148,VIGILANTE (PCIFE) - 701269,DG/CNAT,Capital
1149,ASSISTENTE EM ADMINISTRACAO (PCIFE) - 701200,DG/PAR,Interior
1150,ASSISTENTE EM ADMINISTRACAO (PCIFE) - 701200,NC,Interior
1151,TECNICO DE LABORATORIO AREA (PCIFE) - 701244,DG/SC,Interior
1152,ASSISTENTE EM ADMINISTRACAO (PCIFE) - 701200,DG/MC,Interior
1153,BIBLIOTECARIO-DOCUMENTALISTA (PCIFE) - 701010,DG/ZN,Capital
1154,NUTRICIONISTA-HABILITACAO (PCIFE) - 701055,DG/CNAT,Capital
1155,TEC DE TECNOLOGIA DA INFORMACAO (PCIFE) - 701226,DG/PAAS,Interior
1156,AGENTE ADMINISTRATIVO (PECSU) - 474050,CNAT,Capital
1157,TECNICO EM EDIFICACOES (PCIFE) - 701228,DG/PAAS,Interior
1158,TECNOLOGO-FORMACAO (PCIFE) - 701081,DG/PAR,Interior
1159,ENGENHEIRO-AREA (PCIFE) - 701031,DG/SC,Interior
1160,ASSISTENTE SOCIAL (PCIFE) - 701006,DG/IP,Interior
1161,TECNICO DE LABORATORIO AREA (PCIFE) - 701244,DG/PAR,Interior
1162,ADMINISTRADOR (PCIFE) - 701001,DG/JC,Interior
1163,TECNICO EM CONTABILIDADE (PCIFE) - 701224,DG/CANG,Interior
1164,BIBLIOTECARIO-DOCUMENTALISTA (PCIFE) - 701010,DG/MO,Interior
1165,TECNICO DE LABORATORIO AREA (PCIFE) - 701244,DG/PAAS,Interior
1166,SECRETARIO EXECUTIVO (PCIFE) - 701076,RE,Capital
1167,REVISOR DE TEXTOS (PCIFE) - 701073,DG/ZL,Capital
1168,AUDITOR (PCIFE) - 701009,RE,Capital
1169,ANALISTA DE TEC DA INFORMACAO (PCIFE) - 701062,RE,Capital
1170,ANALISTA DE TEC DA INFORMACAO (PCIFE) - 701062,RE,Capital
1171,TECNICO EM ASSUNTOS EDUCACIONAIS (PCIFE) - 701079,GABIN/SPO,Interior
1172,TECNICO EM ELETROTECNICA (PCIFE) - 701230,DG/JC,Interior
1173,ASSISTENTE EM ADMINISTRACAO (PCIFE) - 701200,NC,Interior
1174,ENGENHEIRO-AREA (PCIFE) - 701031,CSGA,Interior
1175,ENGENHEIRO AGRONOMO (PCIFE) - 701086,DG/AP,Interior
1176,ASSISTENTE EM ADMINISTRACAO (PCIFE) - 701200,CSGA,Interior
1177,TECNICO DE LABORATORIO AREA (PCIFE) - 701244,DG/AP,Interior
1178,AUX EM ADMINISTRACAO (PCIFE) - 701405,DG/PAR,Interior
1179,TECNICO DE LABORATORIO AREA (PCIFE) - 701244,DG/AP,Interior
1180,OPERADOR DE MAQUINA COPIADORA (PCIFE) - 701454,DG/CNAT,Capital
1181,VIGILANTE (PCIFE) - 701269,DG/CNAT,Capital
1182,ASSISTENTE EM ADMINISTRACAO (PCIFE) - 701200,DG/JUC,Interior
1183,TRADUTOR INTERPRETE DE LINGUAGEM SINAIS (PCIFE) - 701266,DG/SPO,Interior
1184,BIBLIOTECARIO-DOCUMENTALISTA (PCIFE) - 701010,DG/CANG,Interior
1185,ASSISTENTE EM ADMINISTRACAO (PCIFE) - 701200,DG/JC,Interior
1186,ASSISTENTE EM ADMINISTRACAO (PCIFE) - 701200,NC,Interior
1187,ASSISTENTE EM ADMINISTRACAO (PCIFE) - 701200,DG/CNAT,Capital
1188,PROCURADOR FEDERAL (CAJ) - 408001,DIGPE/RE,Capital
1189,TECNICO EM ASSUNTOS EDUCACIONAIS (PCIFE) - 701079,CM,Interior
1190,MEDICO - PCCTAE (PCMED) - 647001,NC,Interior
1191,SECRETARIO EXECUTIVO (PCIFE) - 701076,RE,Capital
