campus,tipo_campus,total_ativos,total_processos,taxa_adesao_pct,participacao_pct,total
RE,Capital,175,136,77.7,16.5,136
CNAT,Capital,200,122,61.0,14.8,122
MO,Interior,61,46,75.4,5.6,46
PAR,Interior,52,41,78.8,5.0,41
CH,Capital,46,37,80.4,4.5,37
PF,Interior,44,35,79.5,4.2,35
AP,Interior,49,35,71.4,4.2,35
SGA,Interior,43,35,81.4,4.2,35
CN,Interior,46,33,71.7,4.0,33
ZN,Capital,45,32,71.1,3.9,32
CANG,Interior,34,29,85.3,3.5,29
NC,Interior,37,28,75.7,3.4,28
CA,Interior,40,26,65.0,3.2,26
IP,Interior,46,26,56.5,3.2,26
CM,Interior,36,25,69.4,3.0,25
SPP,Interior,40,24,60.0,2.9,24
ZL,Capital,26,24,92.3,2.9,24
SC,Interior,40,24,60.0,2.9,24
JC,Interior,39,21,53.8,2.5,21
MC,Interior,40,14,35.0,1.7,14
LAJ,Interior,21,14,66.7,1.7,14
PAAS,Interior,23,12,52.2,1.5,12
CTM,Interior,1,2,200.0,0.2,2
CAGE,Interior,0,1,0.0,0.1,1
UMZ,Interior,0,1,0.0,0.1,1
SM,Interior,0,1,0.0,0.1,1
TOU,Interior,0,1,0.0,0.1,1
JUC,Interior,7,0,0.0,0.0,0
