id_anonimo,campus,tipo_campus,cargo,classe_cargo,nivel_pretendido,nivel_reconhecido,status
9302f46639f80426,CA,Interior,Técnico em Assuntos Educacionais,Classe E,RSC-V,RSC-V,Deferido
845429571ceff560,PAR,Interior,Assistente em Administração,Classe D,RSC-V,RSC-V,Deferido
4c820745193e809f,CNAT,Capital,Motorista,Classe C,RSC-V,RSC-V,Deferido
55e3b4d61042c281,JC,Interior,Assistente Social,Classe E,RSC-VI,RSC-VI,Deferido
31c8ef8ebf696d24,CNAT,Capital,Administrador,Classe E,RSC-V,RSC-V,Deferido
118a6d23a60bd08a,ZL,Capital,Assistente em Administração,Classe D,RSC-VI,RSC-VI,Deferido
6855119b54f669b2,CNAT,Capital,Tradutor e Intérprete de Libras,Classe D,RSC-VI,RSC-VI,Deferido
5a69e8c65f72b68e,LAJ,Interior,Técnico Em Seguranca Do Trabalho,Classe D,RSC-V,RSC-V,Deferido
dc3f8e3315e1f07b,MO,Interior,Assistente em Administração,Classe D,RSC-V,RSC-V,Deferido
688d15e58801eb80,CN,Interior,Assistente em Administração,Classe D,RSC-V,RSC-V,Deferido
945f2f1c9fba895b,ZN,Capital,Assistente em Administração,Classe D,RSC-V,RSC-V,Deferido
b02ff121417569bb,CNAT,Capital,Motorista,Classe C,RSC-V,RSC-V,Deferido
e9768d6a02bdf067,CNAT,Capital,Médico,Classe E,RSC-VI,RSC-VI,Deferido
8ca41cf7256edfdf,PF,Interior,Médico,Classe E,RSC-V,RSC-V,Deferido
17cbf86cac8381b5,PAR,Interior,Assistente em Administração,Classe D,RSC-VI,RSC-VI,Deferido
b1f735f27a9e4089,ZL,Capital,Diagramador,Classe D,RSC-V,RSC-V,Deferido
14471536f3096ba7,MO,Interior,Vigilante,Classe D,RSC-III,RSC-III,Deferido
0f0d14a528f3bef6,CN,Interior,Bibliotecário-Documentalista,Classe E,RSC-V,RSC-V,Deferido
0c9a37eb6b2d0d8a,PF,Interior,Contador,Classe E,RSC-V,RSC-V,Deferido
222ead3c1f5e7597,LAJ,Interior,Assistente em Administração,Classe D,RSC-VI,RSC-VI,Deferido
4ab375a9951c9693,CNAT,Capital,Bibliotecário-Documentalista,Classe E,RSC-VI,RSC-VI,Deferido
f908a8123fcb7161,RE,Capital,Assistente em Administração,Classe D,RSC-V,RSC-V,Deferido
155d42068a23728b,RE,Capital,Secretario Executivo,Classe E,RSC-VI,RSC-VI,Deferido
294a5fc5f9ea45b3,PAR,Interior,Auxiliar em Administração,Classe C,RSC-V,RSC-V,Deferido
f6b7b8450df1c078,RE,Capital,Secretario Executivo,Classe E,RSC-VI,RSC-VI,Deferido
c925fdbbe5de3fd9,RE,Capital,Tecnólogo,Classe E,RSC-V,RSC-V,Deferido
cc8a066f4dec9e90,CAGE,Interior,Assistente em Administração,Classe D,RSC-VI,RSC-VI,Deferido
fac96863df8edf3a,PF,Interior,Auxiliar em Administração,Classe C,RSC-V,RSC-V,Deferido
ceef85169666e07c,CH,Capital,Técnico em Enfermagem,Classe D,RSC-VI,RSC-VI,Deferido
eecce24e6b1d35a9,RE,Capital,Analista De Técnico Da Informacao,Classe E,RSC-VI,RSC-VI,Deferido
e132c7e981b6e1cf,PAAS,Interior,Técnico Em Mineracao,Classe D,RSC-VI,RSC-VI,Deferido
5a7192c5ef792993,CH,Capital,Técnico em Assuntos Educacionais,Classe E,RSC-VI,RSC-VI,Deferido
a056af8b6bea6f97,NC,Interior,Bibliotecário-Documentalista,Classe E,RSC-V,RSC-V,Deferido
62487d0d526856b4,ZN,Capital,Psicólogo,Classe E,RSC-VI,RSC-VI,Deferido
8495814fc5d26207,CN,Interior,Assistente em Administração,Classe D,RSC-V,RSC-V,Deferido
52a132ae59b0bb22,RE,Capital,Assistente em Administração,Classe D,RSC-VI,RSC-VI,Deferido
6d9a109bc46f2bb6,CANG,Interior,Assistente de Laboratório,Classe C,RSC-V,RSC-V,Deferido
2313582526347129,PAAS,Interior,Assistente em Administração,Classe D,RSC-V,RSC-V,Deferido
83d273e8452b27d0,SPP,Interior,Auxiliar em Administração,Classe C,RSC-V,RSC-V,Deferido
8a49ebc33a93a6ea,MO,Interior,Pedagogo,Classe E,RSC-V,RSC-V,Deferido
9c2e658551dfb49c,CNAT,Capital,Motorista,Classe C,RSC-V,RSC-V,Deferido
446833ac713fcf6f,LAJ,Interior,Enfermeiro,Classe E,RSC-V,RSC-V,Deferido
c38ad2dc42a62840,SPP,Interior,Assistente de Aluno,Classe C,RSC-V,RSC-V,Deferido
8342783d69750f52,CNAT,Capital,Assistente em Administração,Classe D,RSC-V,RSC-V,Deferido
5ae104fb2acd7f49,MO,Interior,Assistente em Administração,Classe D,RSC-VI,RSC-VI,Deferido
c570fb42d8a98476,PAR,Interior,Assistente Social,Classe E,RSC-V,RSC-V,Deferido
2a39a27477725522,CNAT,Capital,Assistente de Laboratório,Classe C,RSC-VI,RSC-VI,Deferido
97a8561db5dc9f89,CANG,Interior,Técnico de Laboratório Area,Classe D,RSC-VI,RSC-VI,Deferido
782c13fbcf69428b,RE,Capital,Assistente em Administração,Classe D,RSC-V,RSC-V,Deferido
575ea706afc89568,PF,Interior,Auditor,Classe E,RSC-VI,RSC-VI,Deferido
1fd17b544d152e18,CH,Capital,Técnico em Enfermagem,Classe D,RSC-VI,RSC-VI,Deferido
c21ded7a58451394,NC,Interior,Assistente Social,Classe E,RSC-VI,RSC-VI,Deferido
3416de52034122e7,CH,Capital,Técnico em Assuntos Educacionais,Classe E,RSC-V,RSC-V,Deferido
a2768f6e418b9143,CNAT,Capital,Técnico em Enfermagem,Classe D,RSC-VI,RSC-VI,Deferido
3ad9299d7198445a,CA,Interior,Técnico de Laboratório Area,Classe D,RSC-VI,RSC-VI,Deferido
bdb7503492bdc93a,CN,Interior,Assistente em Administração,Classe D,RSC-VI,RSC-VI,Deferido
d7e36369d62795a9,CNAT,Capital,Arquiteto E Urbanista,Classe E,RSC-VI,RSC-VI,Deferido
103b961d71c3a273,CH,Capital,Médico,Classe E,RSC-VI,RSC-VI,Deferido
a711438d354e6367,CN,Interior,Engenheiro,Classe E,RSC-VI,RSC-VI,Deferido
3540ce421b7f787a,JC,Interior,Engenheiro,Classe E,RSC-VI,RSC-VI,Deferido
5908afcc15786acd,PF,Interior,Assistente Social,Classe E,RSC-VI,RSC-VI,Deferido
c170bb7a49254b49,CNAT,Capital,Técnico de Laboratório Area,Classe D,RSC-VI,RSC-VI,Deferido
43213f461390e6fa,PAR,Interior,Assistente de Aluno,Classe C,RSC-V,RSC-V,Deferido
c36a2a2b0caa4cae,MO,Interior,Assistente em Administração,Classe D,RSC-VI,RSC-VI,Deferido
6f58db04d1990d83,CNAT,Capital,Tradutor e Intérprete de Libras,Classe D,RSC-VI,RSC-VI,Deferido
a6353a13dcce01d5,CNAT,Capital,Técnico de Laboratório Area,Classe D,RSC-V,RSC-V,Deferido
aaec4ba41157cf57,RE,Capital,Técnico Em Seguranca Do Trabalho,Classe D,RSC-V,RSC-V,Deferido
c0902ae59e6d861c,RE,Capital,Técnico De Tecnologia da Informação,Classe D,RSC-V,RSC-V,Deferido
d1b6e41850cc0671,RE,Capital,Técnico de Laboratório Area,Classe D,RSC-V,RSC-V,Deferido
1df45b635c4850d0,CNAT,Capital,Bibliotecário-Documentalista,Classe E,RSC-V,RSC-V,Deferido
b4a433b69e49e5f7,ZN,Capital,Secretario Executivo,Classe E,RSC-VI,RSC-VI,Deferido
cfe656419923f322,PAR,Interior,Técnico de Laboratório Area,Classe D,RSC-V,RSC-V,Deferido
35c6e3b5360c7488,RE,Capital,Assistente em Administração,Classe D,RSC-V,RSC-V,Deferido
e2f32b2f63b9db89,PAR,Interior,Técnico de Laboratório Area,Classe D,RSC-VI,RSC-VI,Deferido
a4b889cc8b5a9f7b,PAR,Interior,Engenheiro,Classe E,RSC-VI,RSC-VI,Deferido
9bc9e702299683da,CNAT,Capital,Assistente em Administração,Classe D,RSC-V,RSC-V,Deferido
83bed7f7505d298e,NC,Interior,Auxiliar em Administração,Classe C,RSC-V,RSC-V,Deferido
a042db7d6bcf8e3f,AP,Interior,Auxiliar em Administração,Classe C,RSC-V,RSC-V,Deferido
caf5e39021ba3984,SC,Interior,Psicólogo,Classe E,RSC-VI,RSC-VI,Deferido
e8b3db844d84d604,CN,Interior,Assistente em Administração,Classe D,RSC-V,RSC-V,Deferido
fcb146f1bb09f3f4,CH,Capital,Assistente em Administração,Classe D,RSC-VI,RSC-VI,Deferido
3f02249da45c17bd,ZN,Capital,Auxiliar em Administração,Classe C,RSC-V,RSC-V,Deferido
4299dea5bb1af873,MC,Interior,Auxiliar em Administração,Classe C,RSC-V,RSC-V,Deferido
db3bab2617b37ecd,CNAT,Capital,Telefonista,Classe C,RSC-V,RSC-V,Deferido
d4bc6db03ebe5276,MO,Interior,Técnico em Eletrotécnica,Classe D,RSC-VI,RSC-VI,Deferido
0f8494dacfbb9fd5,CH,Capital,Assistente de Aluno,Classe C,RSC-V,RSC-V,Deferido
6979c687139ea5ff,RE,Capital,Publicitario,Classe E,RSC-VI,RSC-VI,Deferido
9ceb5ae68513fd6b,RE,Capital,Médico,Classe E,RSC-VI,RSC-VI,Deferido
97bb6b633e88308e,PAR,Interior,Técnico de Laboratório Area,Classe D,RSC-V,RSC-V,Deferido
2508639be433e6a9,SPP,Interior,Auxiliar em Administração,Classe C,RSC-III,RSC-III,Deferido
d0cc2bc56deaaab4,ZL,Capital,Revisor De Textos,Classe E,RSC-VI,RSC-VI,Deferido
95d117a3cc7ec196,IP,Interior,Técnico em Assuntos Educacionais,Classe E,RSC-VI,RSC-VI,Deferido
4d66b53b5b9a0c02,CNAT,Capital,Odontólogo - 40 Horas,Classe E,RSC-VI,RSC-VI,Deferido
b7841cb59e46151d,NC,Interior,Auditor,Classe E,RSC-V,RSC-V,Deferido
65df9658435381dc,SGA,Interior,Técnico de Laboratório Area,Classe D,RSC-VI,RSC-VI,Deferido
46ccccd1c7259102,RE,Capital,Engenheiro,Classe E,RSC-V,RSC-V,Deferido
2f3597725029529c,PAR,Interior,Técnico em Assuntos Educacionais,Classe E,RSC-VI,RSC-VI,Deferido
cfadf68267fa1bac,CN,Interior,Técnico Em Alimentos E Laticinios,Classe D,RSC-VI,RSC-VI,Deferido
8675421b287c002e,ZN,Capital,Assistente em Administração,Classe D,RSC-VI,RSC-VI,Deferido
b7c4a5cfd9eceb54,CA,Interior,Assistente em Administração,Classe D,RSC-V,RSC-V,Deferido
6159a33f4ff6eccd,ZL,Capital,Tradutor e Intérprete de Libras,Classe D,RSC-V,RSC-V,Deferido
bcf91cfa98e3c931,PF,Interior,Assistente em Administração,Classe D,RSC-V,RSC-V,Deferido
e9513a1a217e03d0,AP,Interior,Assistente de Aluno,Classe C,RSC-V,RSC-V,Deferido
affe32695e2f5853,CANG,Interior,Técnico em Assuntos Educacionais,Classe E,RSC-V,RSC-V,Deferido
00d921ef4051f9b9,CANG,Interior,Odontólogo - 40 Horas,Classe E,RSC-VI,RSC-VI,Deferido
23585edcf82abbb0,RE,Capital,Diagramador,Classe D,RSC-VI,RSC-VI,Deferido
c4eaf772aaf51fbb,CNAT,Capital,Vigilante,Classe D,RSC-V,RSC-V,Deferido
7ba92d443bbf951a,IP,Interior,Assistente em Administração,Classe D,RSC-V,RSC-V,Deferido
9cae93c5f80ca8ab,MO,Interior,Assistente em Administração,Classe D,RSC-VI,RSC-VI,Deferido
10d8c6a172d08b8b,MO,Interior,Servente De Limpeza,Classe D,RSC-V,RSC-V,Deferido
89fc679cc552611d,RE,Capital,Programador Visual,Classe E,RSC-VI,RSC-VI,Deferido
67fa81d6625c72ec,CNAT,Capital,Bibliotecário-Documentalista,Classe E,RSC-VI,RSC-VI,Deferido
7fec444185f03076,SPP,Interior,Auxiliar em Assuntos Educacionais,Classe C,RSC-V,RSC-V,Deferido
94de20999f877af7,MO,Interior,Psicólogo,Classe E,RSC-VI,RSC-VI,Deferido
f0b6e663fb7ff4bb,MC,Interior,Assistente Social,Classe E,RSC-VI,RSC-VI,Deferido
4ddd175c89eb9eb3,RE,Capital,Arquiteto E Urbanista,Classe E,RSC-VI,RSC-VI,Deferido
724724dd9eb20d01,PF,Interior,Técnico De Tecnologia da Informação,Classe D,RSC-V,RSC-V,Deferido
d8327a1ccb99c624,CNAT,Capital,Motorista,Classe C,RSC-V,RSC-V,Deferido
b65777f04860ed0b,RE,Capital,Nutricionista,Classe E,RSC-VI,RSC-VI,Deferido
f54088b58f35ef08,CNAT,Capital,Assistente em Administração,Classe D,RSC-III,RSC-III,Deferido
e587a7911bc8c965,RE,Capital,Auxiliar em Administração,Classe C,RSC-V,RSC-V,Deferido
b18ced983bdbf392,RE,Capital,Assistente em Administração,Classe D,RSC-V,RSC-V,Deferido
004fa70cf7f656f4,SC,Interior,Assistente Social,Classe E,RSC-VI,RSC-VI,Deferido
5b25039f171267d6,LAJ,Interior,Técnico em Contabilidade,Classe D,RSC-V,RSC-V,Deferido
85851f3b522f0b89,PAR,Interior,Assistente Social,Classe E,RSC-V,RSC-V,Deferido
05f006a49d7e355a,CNAT,Capital,Auxiliar De Eletricista,Classe D,RSC-III,RSC-III,Deferido
4ddbf0bd892afa95,CNAT,Capital,Assistente em Administração,Classe D,RSC-VI,RSC-VI,Deferido
d944c345a98ea181,SPP,Interior,Auxiliar em Administração,Classe C,RSC-V,RSC-V,Deferido
ed6d071e74586fdd,CNAT,Capital,Contador,Classe E,RSC-VI,RSC-VI,Deferido
e42f76e0626c01de,PF,Interior,Técnico de Laboratório Area,Classe D,RSC-V,RSC-V,Deferido
e67138cc088b4662,PF,Interior,Médico,Classe E,RSC-V,RSC-V,Deferido
e4f13d96404a30d2,CNAT,Capital,Psicólogo,Classe E,RSC-VI,RSC-VI,Deferido
0cc902d34ba934fa,MO,Interior,Médico,Classe E,RSC-V,RSC-V,Deferido
dd83744b72bb7c95,CNAT,Capital,Assistente de Laboratório,Classe C,RSC-V,RSC-V,Deferido
698b77d97ea6f6ce,RE,Capital,Técnico De Tecnologia da Informação,Classe D,RSC-V,RSC-V,Deferido
b75492a10744c1eb,SGA,Interior,Bibliotecário-Documentalista,Classe E,RSC-V,RSC-V,Deferido
0aef883f28f99d35,PAR,Interior,Pedagogo,Classe E,RSC-VI,RSC-VI,Deferido
81b4601d0c214b66,MC,Interior,Pedagogo,Classe E,RSC-VI,RSC-VI,Deferido
84a372feb8642d4d,AP,Interior,Assistente em Administração,Classe D,RSC-V,RSC-V,Deferido
bb2ec6de0f627f07,NC,Interior,Auxiliar em Administração,Classe C,RSC-III,RSC-III,Deferido
2d196b81c5dcec56,RE,Capital,Auditor,Classe E,RSC-V,RSC-V,Deferido
8d35ebf55c986212,MO,Interior,Servente De Limpeza,Classe D,RSC-V,RSC-V,Deferido
26c4ffa15b58aab7,ZL,Capital,Auxiliar em Administração,Classe C,RSC-VI,RSC-VI,Deferido
74ffa87da0993301,LAJ,Interior,Administrador,Classe E,RSC-V,RSC-V,Deferido
a588b404ac834c67,NC,Interior,Assistente em Administração,Classe D,RSC-V,RSC-V,Deferido
7759c7d6abe74751,CNAT,Capital,Assistente em Administração,Classe D,RSC-V,RSC-V,Deferido
913022c1a530ce2f,SGA,Interior,Psicólogo,Classe E,RSC-V,RSC-V,Deferido
d45cdb329e6f17d0,CNAT,Capital,Assistente em Administração,Classe D,RSC-V,RSC-V,Deferido
ad3b6bec77297a95,SGA,Interior,Assistente em Administração,Classe D,RSC-V,RSC-V,Deferido
936b0ef8a5202fa1,RE,Capital,Assistente Social,Classe E,RSC-VI,RSC-VI,Deferido
39acc2e4db2eae21,CANG,Interior,Auxiliar em Administração,Classe C,RSC-V,RSC-V,Deferido
0fb1ed5f0295dd68,CNAT,Capital,Auxiliar de Enfermagem,Classe C,RSC-VI,RSC-VI,Deferido
66a0ab47a2da15cb,NC,Interior,Auxiliar em Administração,Classe C,RSC-V,RSC-V,Deferido
3fca83eceb9b54df,SGA,Interior,Auxiliar em Administração,Classe C,RSC-V,RSC-V,Deferido
5d0bd2ddf48873de,CNAT,Capital,Tradutor e Intérprete de Libras,Classe D,RSC-VI,RSC-VI,Deferido
8f58ef0da980906b,IP,Interior,Assistente em Administração,Classe D,RSC-V,RSC-V,Deferido
53145d4aa5dea53a,SGA,Interior,Técnico em Assuntos Educacionais,Classe E,RSC-V,RSC-V,Deferido
2fdfce2fdded2117,SGA,Interior,Auxiliar em Administração,Classe C,RSC-V,RSC-V,Deferido
4fe05cc990807302,RE,Capital,Médico,Classe E,RSC-V,RSC-V,Deferido
aa4ae9668b34318a,PAR,Interior,Médico,Classe E,RSC-VI,RSC-VI,Deferido
cb676b65e142c4db,CM,Interior,Médico,Classe E,RSC-VI,RSC-VI,Deferido
63caa9cf241ba5be,SC,Interior,Assistente em Administração,Classe D,RSC-V,RSC-V,Deferido
c63048bdba8acd95,PAR,Interior,Assistente em Administração,Classe D,RSC-V,RSC-V,Deferido
3ca6a115d3b7589e,CH,Capital,Técnico de Laboratório Area,Classe D,RSC-V,RSC-V,Deferido
09896573e57753ef,ZN,Capital,Técnico em Enfermagem,Classe D,RSC-V,RSC-V,Deferido
514f40e219556754,RE,Capital,Auxiliar em Administração,Classe C,RSC-V,RSC-V,Deferido
19532be78f620d85,PAR,Interior,Auxiliar em Administração,Classe C,RSC-V,RSC-V,Deferido
43e53f9ed293e441,ZN,Capital,Técnico de Laboratório Area,Classe D,RSC-VI,RSC-VI,Deferido
2209ab328d8733b1,CH,Capital,Auxiliar em Administração,Classe C,RSC-V,RSC-V,Deferido
9b807de8aadeb965,MO,Interior,Assistente em Administração,Classe D,RSC-V,RSC-V,Deferido
dfefcc3fb70338e5,JC,Interior,Assistente em Administração,Classe D,RSC-V,RSC-V,Deferido
952627a4d60b9946,NC,Interior,Assistente em Administração,Classe D,RSC-V,RSC-V,Deferido
d392912964d92093,ZL,Capital,Auxiliar em Administração,Classe C,RSC-VI,RSC-VI,Deferido
b725efa5a160df9e,CNAT,Capital,Assistente em Administração,Classe D,RSC-VI,RSC-VI,Deferido
741dd279d16675fd,IP,Interior,Zootecnista,Classe E,RSC-VI,RSC-VI,Deferido
e21a6e35c6e9d1e0,CNAT,Capital,Administrador,Classe E,RSC-VI,RSC-VI,Deferido
453bf363c44ce3b3,CNAT,Capital,Assistente em Administração,Classe D,RSC-V,RSC-V,Deferido
93c14c043e2906b2,AP,Interior,Técnico em Enfermagem,Classe D,RSC-V,RSC-V,Deferido
a20c72c771a7f150,ZL,Capital,Assistente em Administração,Classe D,RSC-V,RSC-V,Deferido
d039365c7e360b9e,ZL,Capital,Técnico em Audiovisual,Classe D,RSC-V,RSC-V,Deferido
2e03e65d2c690f14,MO,Interior,Assistente em Administração,Classe D,RSC-V,RSC-V,Deferido
d9ca2e0b53bfcadc,SC,Interior,Assistente em Administração,Classe D,RSC-V,RSC-V,Deferido
f711c56dd939d0d7,CH,Capital,Assistente em Administração,Classe D,RSC-V,RSC-V,Deferido
b6fb496a3bacaa32,CNAT,Capital,Pedagogo,Classe E,RSC-VI,RSC-VI,Deferido
5d822ba621b4d2df,CNAT,Capital,Assistente em Administração,Classe D,RSC-V,RSC-V,Deferido
9550b5a1ccf13ff8,SPP,Interior,Assistente de Aluno,Classe C,RSC-III,RSC-III,Deferido
353f34984c179ab7,CA,Interior,Técnico em Contabilidade,Classe D,RSC-VI,RSC-VI,Deferido
e564bda95afd845c,MC,Interior,Psicólogo,Classe E,RSC-VI,RSC-VI,Deferido
84c31df4aca06057,PAR,Interior,Assistente em Administração,Classe D,RSC-V,RSC-V,Deferido
b6998c2492b611ea,LAJ,Interior,Enfermeiro,Classe E,RSC-V,RSC-V,Deferido
82cd1184bfb45f6f,PAAS,Interior,Técnico em Contabilidade,Classe D,RSC-VI,RSC-VI,Deferido
f9cf44f9bdfa3131,ZL,Capital,Assistente em Administração,Classe D,RSC-VI,RSC-VI,Deferido
a686cd827d640b40,NC,Interior,Odontólogo - 40 Horas,Classe E,RSC-V,RSC-V,Deferido
71a8b7ad8c1919c2,MC,Interior,Assistente em Administração,Classe D,RSC-V,RSC-V,Deferido
018fb47c71d49fa5,RE,Capital,Economista,Classe E,RSC-VI,RSC-VI,Deferido
791fd5b6969079cd,SPP,Interior,Assistente Social,Classe E,RSC-V,RSC-V,Deferido
b089761732f86f89,CH,Capital,Administrador,Classe E,RSC-VI,RSC-VI,Deferido
b0929cfc5b060b2d,CN,Interior,Assistente em Administração,Classe D,RSC-V,RSC-V,Deferido
cf04c0d031ac55e5,MC,Interior,Assistente Social,Classe E,RSC-VI,RSC-VI,Deferido
02d6f9fff79c4e90,JC,Interior,Assistente em Administração,Classe D,RSC-VI,RSC-VI,Deferido
f435fafe13102b47,IP,Interior,Assistente em Administração,Classe D,RSC-VI,RSC-VI,Deferido
f7da566263341244,MC,Interior,Técnico de Laboratório Area,Classe D,RSC-VI,RSC-VI,Deferido
2c79598c2edd7014,MO,Interior,Assistente de Laboratório,Classe C,RSC-V,RSC-V,Deferido
e0bb29e1ee0a831b,ZL,Capital,Bibliotecário-Documentalista,Classe E,RSC-V,RSC-V,Deferido
588350a1435d4c70,RE,Capital,Secretario Executivo,Classe E,RSC-VI,RSC-VI,Deferido
3227d775e886ad22,CH,Capital,Assistente em Administração,Classe D,RSC-V,RSC-V,Deferido
d42eee2f4235fa3d,CNAT,Capital,Vigilante,Classe D,RSC-V,RSC-V,Deferido
26bb60f532ee7ce3,CNAT,Capital,Assistente em Administração,Classe D,RSC-III,RSC-III,Deferido
ec818010441473ff,ZL,Capital,Tradutor e Intérprete de Libras,Classe D,RSC-V,RSC-V,Deferido
34e9d6f7f2a10b4f,IP,Interior,Assistente de Aluno,Classe C,RSC-V,RSC-V,Deferido
55686d2134d7d920,CNAT,Capital,Assistente em Administração,Classe D,RSC-III,RSC-III,Deferido
706fc5b2d8b7f643,CNAT,Capital,Psicólogo,Classe E,RSC-V,RSC-V,Deferido
fb71d50bebff81a5,CNAT,Capital,Odontólogo - 40 Horas,Classe E,RSC-V,RSC-V,Deferido
3a5ea608a9ba768f,CNAT,Capital,Técnico de Laboratório Area,Classe D,RSC-VI,RSC-VI,Deferido
21866767d42076ad,RE,Capital,Auxiliar de Laboratório,Classe D,RSC-V,RSC-V,Deferido
c9d8b3c6f851157d,CNAT,Capital,Administrador,Classe E,RSC-VI,RSC-VI,Deferido
7bbfe31219026786,MO,Interior,Assistente em Administração,Classe D,RSC-V,RSC-V,Deferido
bdb9e927509a7f16,IP,Interior,Assistente em Administração,Classe D,RSC-V,RSC-V,Deferido
1369d7ff3d3c801d,RE,Capital,Auditor,Classe E,RSC-VI,RSC-VI,Deferido
86660e4326560a2b,SPP,Interior,Assistente de Aluno,Classe C,RSC-V,RSC-V,Deferido
d668c416afb33148,PF,Interior,Auxiliar em Administração,Classe C,RSC-V,RSC-V,Deferido
cbe1c54ae54bb546,RE,Capital,Médico,Classe E,RSC-VI,RSC-VI,Deferido
b70c0dd526dd2f71,CANG,Interior,Assistente de Aluno,Classe C,RSC-V,RSC-V,Deferido
b27356aa3fe67f6d,SGA,Interior,Assistente em Administração,Classe D,RSC-V,RSC-V,Deferido
930e290125cc9b21,RE,Capital,Auxiliar em Administração,Classe C,RSC-V,RSC-V,Deferido
e792094ca3e983a4,ZL,Capital,Administrador,Classe E,RSC-VI,RSC-VI,Deferido
20fc103e10be1fe6,NC,Interior,Bibliotecário-Documentalista,Classe E,RSC-V,RSC-V,Deferido
5e9c3a93325b9c0a,CNAT,Capital,Assistente Social,Classe E,RSC-VI,RSC-VI,Deferido
b715531f2c077833,CNAT,Capital,Assistente Social,Classe E,RSC-V,RSC-V,Deferido
6177c21ea0b86baa,NC,Interior,Assistente em Administração,Classe D,RSC-V,RSC-V,Deferido
b984289f1d24f34d,CM,Interior,Tradutor e Intérprete de Libras,Classe D,RSC-V,RSC-V,Deferido
d011d0e7b2915f34,CN,Interior,Assistente em Administração,Classe D,RSC-V,RSC-V,Deferido
676cb5f39097d8d8,CN,Interior,Técnico em Enfermagem,Classe D,RSC-V,RSC-V,Deferido
9dfa4d9c06f98976,NC,Interior,Técnico de Laboratório Area,Classe D,RSC-V,RSC-V,Deferido
bf1ee2be5199985f,CN,Interior,Assistente em Administração,Classe D,RSC-V,RSC-V,Deferido
0cf1d7881b795ea0,CNAT,Capital,Contador,Classe E,RSC-VI,RSC-VI,Deferido
2f93cdcb7d177248,CM,Interior,Auxiliar em Assuntos Educacionais,Classe C,RSC-V,RSC-V,Deferido
a449fffb3e928e38,CNAT,Capital,Pedagogo,Classe E,RSC-VI,RSC-VI,Deferido
57faff46ceefc1dd,PAAS,Interior,Administrador,Classe E,RSC-V,RSC-V,Deferido
98d0c3ccd97f0459,CM,Interior,Assistente Social,Classe E,RSC-VI,RSC-VI,Deferido
eb7482f314ab418c,CN,Interior,Técnico de Laboratório Area,Classe D,RSC-VI,RSC-VI,Deferido
4e5863d689cd3288,RE,Capital,Bibliotecário-Documentalista,Classe E,RSC-VI,RSC-VI,Deferido
47e59646e139fb3b,RE,Capital,Tecnólogo,Classe E,RSC-V,RSC-V,Deferido
0a8efe7bd02e19b1,CN,Interior,Psicólogo,Classe E,RSC-VI,RSC-VI,Deferido
d5faf3093589dbef,SM,Interior,Administrador,Classe E,RSC-VI,RSC-VI,Deferido
77d45d136e571fc0,CNAT,Capital,Técnico de Laboratório Area,Classe D,RSC-V,RSC-V,Deferido
ca1ba6e1f24c9664,CA,Interior,Assistente em Administração,Classe D,RSC-VI,RSC-VI,Deferido
de328e6bdbeb90fa,CNAT,Capital,Médico,Classe E,RSC-VI,RSC-VI,Deferido
4026c49db4a96f5e,CNAT,Capital,Assistente em Administração,Classe D,RSC-V,RSC-V,Deferido
54a1ccd08af3575c,CNAT,Capital,Assistente em Administração,Classe D,RSC-VI,RSC-VI,Deferido
4063a85a3c46b8d7,AP,Interior,Assistente Social,Classe E,RSC-VI,RSC-VI,Deferido
8a533d70673d8df7,CA,Interior,Assistente em Administração,Classe D,RSC-V,RSC-V,Deferido
28eeb1029a1793c2,CNAT,Capital,Assistente em Administração,Classe D,RSC-VI,RSC-VI,Deferido
0f87a86e13da7824,CN,Interior,Assistente em Administração,Classe D,RSC-VI,RSC-VI,Deferido
434bbee1812784de,RE,Capital,Auditor,Classe E,RSC-VI,RSC-VI,Deferido
f15461b3d2ad04d8,CANG,Interior,Técnico de Laboratório Area,Classe D,RSC-V,RSC-V,Deferido
ee24298af3e54146,AP,Interior,Assistente em Administração,Classe D,RSC-VI,RSC-VI,Deferido
661fe899e3781aae,SPP,Interior,Auxiliar em Assuntos Educacionais,Classe C,RSC-V,RSC-V,Deferido
fa4ddd000034e7b0,MO,Interior,Vigilante,Classe D,RSC-V,RSC-V,Deferido
e7419a98384ed5f3,PF,Interior,Odontólogo - 40 Horas,Classe E,RSC-VI,RSC-VI,Deferido
f015e006da1c94d0,CANG,Interior,Assistente em Administração,Classe D,RSC-V,RSC-V,Deferido
d15eb2495151b329,CNAT,Capital,Auxiliar em Administração,Classe C,RSC-V,RSC-V,Deferido
93cddbadc51fd839,CM,Interior,Assistente em Administração,Classe D,RSC-V,RSC-V,Deferido
262b9a34408313da,CNAT,Capital,Técnico Em Seguranca Do Trabalho,Classe D,RSC-V,RSC-V,Deferido
b8bb8c89aa8c3bb8,MO,Interior,Assistente Social,Classe E,RSC-VI,RSC-VI,Deferido
8b956012363c927e,RE,Capital,Assistente em Administração,Classe D,RSC-V,RSC-V,Deferido
7a7ea29435261740,AP,Interior,Assistente em Administração,Classe D,RSC-VI,RSC-VI,Deferido
69d7978a972e1269,RE,Capital,Nutricionista,Classe E,RSC-V,RSC-V,Deferido
675e8cba7de501ee,PAAS,Interior,Assistente em Administração,Classe D,RSC-V,RSC-V,Deferido
675050b5422e4457,PAR,Interior,Contador,Classe E,RSC-VI,RSC-VI,Deferido
b01c39fa44f091b7,RE,Capital,Engenheiro,Classe E,RSC-VI,RSC-VI,Deferido
442f318b5dab50df,CNAT,Capital,Administrador,Classe E,RSC-V,RSC-V,Deferido
3024009cb854c321,AP,Interior,Tradutor e Intérprete de Libras,Classe D,RSC-VI,RSC-VI,Deferido
eb963e6cd7ee2564,LAJ,Interior,Auxiliar em Administração,Classe C,RSC-V,RSC-V,Deferido
641eba2377fb27ec,RE,Capital,Assistente em Administração,Classe D,RSC-VI,RSC-VI,Deferido
30c52d67e115dcae,CNAT,Capital,Auxiliar em Administração,Classe C,RSC-V,RSC-V,Deferido
269e3303a081cd5f,LAJ,Interior,Assistente em Administração,Classe D,RSC-VI,RSC-VI,Deferido
a4e95b02b7c91117,IP,Interior,Assistente Social,Classe E,RSC-VI,RSC-VI,Deferido
2aab25eac572cd7d,RE,Capital,Auditor,Classe E,RSC-V,RSC-V,Deferido
b0aac2e74c483f9a,RE,Capital,Auxiliar em Administração,Classe C,RSC-V,RSC-V,Deferido
3993d89697e2c13f,RE,Capital,Assistente em Administração,Classe D,RSC-V,RSC-V,Deferido
e313e003d2eed602,PF,Interior,Contador,Classe E,RSC-V,RSC-V,Deferido
147ff2e5e62e1877,MC,Interior,Pedagogo,Classe E,RSC-V,RSC-V,Deferido
f7eb9d382088d130,CH,Capital,Técnico em Assuntos Educacionais,Classe E,RSC-VI,RSC-VI,Deferido
7f9970c4e65c4955,RE,Capital,Assistente Social,Classe E,RSC-VI,RSC-VI,Deferido
f2b3b69bb5e7cb8f,CH,Capital,Odontólogo - 40 Horas,Classe E,RSC-VI,RSC-VI,Deferido
98a472a85e2bbcc4,IP,Interior,Odontólogo - 40 Horas,Classe E,RSC-VI,RSC-VI,Deferido
76dece7f6bb2db68,PF,Interior,Assistente em Administração,Classe D,RSC-VI,RSC-VI,Deferido
d9081f76e75c0be1,AP,Interior,Psicólogo,Classe E,RSC-VI,RSC-VI,Deferido
89ad4d3ba026fe78,NC,Interior,Assistente Social,Classe E,RSC-VI,RSC-VI,Deferido
81f558062d7710ca,RE,Capital,Auditor,Classe E,RSC-V,RSC-V,Deferido
a2fe14ecfeb241c8,CN,Interior,Assistente de Aluno,Classe C,RSC-V,RSC-V,Deferido
5d81af1af48edfbb,CNAT,Capital,Técnico de Laboratório Area,Classe D,RSC-VI,RSC-VI,Deferido
5848aef0d620b452,CN,Interior,Técnico de Laboratório Area,Classe D,RSC-VI,RSC-VI,Deferido
9db21d0920e916ff,CM,Interior,Secretario Executivo,Classe E,RSC-VI,RSC-VI,Deferido
977ff1cce018db5e,SGA,Interior,Auxiliar em Administração,Classe C,RSC-V,RSC-V,Deferido
8124ce9ff2b76dd5,RE,Capital,Técnico De Tecnologia da Informação,Classe D,RSC-VI,RSC-VI,Deferido
d8ee5af0aa0ff70f,CNAT,Capital,Técnico em Assuntos Educacionais,Classe E,RSC-V,RSC-V,Deferido
915248f356671eec,CNAT,Capital,Assistente em Administração,Classe D,RSC-VI,RSC-VI,Deferido
ac6bae69d727f953,ZL,Capital,Técnico em Contabilidade,Classe D,RSC-VI,RSC-VI,Deferido
7831e905d048a0fd,CANG,Interior,Técnico de Laboratório Area,Classe D,RSC-VI,RSC-VI,Deferido
76c9d233bd28f0d4,CH,Capital,Técnico em Assuntos Educacionais,Classe E,RSC-VI,RSC-VI,Deferido
a14c7b2ed75974d6,JC,Interior,Técnico em Eletrotécnica,Classe D,RSC-III,RSC-III,Deferido
922977ab66c1db37,ZN,Capital,Assistente em Administração,Classe D,RSC-VI,RSC-VI,Deferido
9976e5d14d3e7778,RE,Capital,Auxiliar em Administração,Classe C,RSC-V,RSC-V,Deferido
05cb28e36524f6db,PAR,Interior,Assistente em Administração,Classe D,RSC-V,RSC-V,Deferido
69044fad76f60673,SGA,Interior,Técnico em Audiovisual,Classe D,RSC-V,RSC-V,Deferido
258c6b678570d12c,CH,Capital,Assistente de Aluno,Classe C,RSC-VI,RSC-VI,Deferido
ea2ab889087f5710,RE,Capital,Assistente em Administração,Classe D,RSC-VI,RSC-VI,Deferido
5842c0b6fff502e0,NC,Interior,Assistente em Administração,Classe D,RSC-V,RSC-V,Deferido
8f8c3ecc0a608a0c,CH,Capital,Psicólogo,Classe E,RSC-VI,RSC-VI,Deferido
6b8a6000bf6125b7,CA,Interior,Auxiliar em Administração,Classe C,RSC-VI,RSC-VI,Deferido
1443bda4fcbdf466,CH,Capital,Técnico de Laboratório Area,Classe D,RSC-VI,RSC-VI,Deferido
7254bac41ac37c44,CN,Interior,Assistente em Administração,Classe D,RSC-V,RSC-V,Deferido
cd22a30b8eb6ae33,RE,Capital,Assistente em Administração,Classe D,RSC-VI,RSC-VI,Deferido
0c69c82fbedc3b8c,PAR,Interior,Assistente de Aluno,Classe C,RSC-V,RSC-V,Deferido
97206a37e2938968,SPP,Interior,Técnico em Assuntos Educacionais,Classe E,RSC-VI,RSC-VI,Deferido
f8cc0008cdd6bceb,PF,Interior,Contador,Classe E,RSC-V,RSC-V,Deferido
24d21a581e67700b,IP,Interior,Assistente de Aluno,Classe C,RSC-VI,RSC-VI,Deferido
2d8bc44890e25b7c,IP,Interior,Bibliotecário-Documentalista,Classe E,RSC-VI,RSC-VI,Deferido
ee556be56ae5f257,ZN,Capital,Assistente em Administração,Classe D,RSC-V,RSC-V,Deferido
29337ba38614da2c,RE,Capital,Analista De Técnico Da Informacao,Classe E,RSC-VI,RSC-VI,Deferido
6fc46fde831e4dd9,CANG,Interior,Técnico de Laboratório Area,Classe D,RSC-V,RSC-V,Deferido
1018d1697a36e324,ZN,Capital,Assistente em Administração,Classe D,RSC-V,RSC-V,Deferido
fa3b70bf6ca2579a,CNAT,Capital,Técnico de Laboratório Area,Classe D,RSC-V,RSC-V,Deferido
ca8ed5ecfba48d70,CANG,Interior,Assistente Social,Classe E,RSC-VI,RSC-VI,Deferido
edf492c0ceea0df2,SC,Interior,Engenheiro,Classe E,RSC-VI,RSC-VI,Deferido
4beae530445da0c7,RE,Capital,Auxiliar em Administração,Classe C,RSC-V,RSC-V,Deferido
d2225529ee5a110a,PF,Interior,Assistente em Administração,Classe D,RSC-V,RSC-V,Deferido
8e1ed025d3ff793e,ZN,Capital,Assistente Social,Classe E,RSC-V,RSC-V,Deferido
0b80b20712378550,JC,Interior,Auxiliar De Biblioteca,Classe C,RSC-V,RSC-V,Deferido
a641523f2499090b,NC,Interior,Assistente em Administração,Classe D,RSC-V,RSC-V,Deferido
bb55a3186ca61cdf,PAAS,Interior,Técnico em Edificações,Classe D,RSC-V,RSC-V,Deferido
47496e4ba1d16a2a,MO,Interior,Técnico em Assuntos Educacionais,Classe E,RSC-VI,RSC-VI,Deferido
4c379faf57ee3e94,MO,Interior,Assistente em Administração,Classe D,RSC-VI,RSC-VI,Deferido
d41bcb1dd5661e3e,SPP,Interior,Auxiliar em Administração,Classe C,RSC-VI,RSC-VI,Deferido
0a7a3add627d19bc,SC,Interior,Auxiliar em Administração,Classe C,RSC-V,RSC-V,Deferido
58218edb540c28b0,AP,Interior,Contador,Classe E,RSC-VI,RSC-VI,Deferido
c3c0387e6cddb0ea,CN,Interior,Assistente em Administração,Classe D,RSC-V,RSC-V,Deferido
37a001282d8a83b3,CNAT,Capital,Arquivista,Classe E,RSC-V,RSC-V,Deferido
824ea1477dbbd999,CNAT,Capital,Nutricionista,Classe E,RSC-VI,RSC-VI,Deferido
7499e30b472092ba,JC,Interior,Assistente de Aluno,Classe C,RSC-III,RSC-III,Deferido
64b212096be435e9,MO,Interior,Operador De Maquina Copiadora,Classe C,RSC-V,RSC-V,Deferido
10b4f2ddb9da9172,SGA,Interior,Técnico em Assuntos Educacionais,Classe E,RSC-V,RSC-V,Deferido
7f6888101e5da344,IP,Interior,Técnico de Laboratório Area,Classe D,RSC-VI,RSC-VI,Deferido
978021367b3796e2,MO,Interior,Odontólogo - 30H - Dec Jud,Classe E,RSC-V,RSC-V,Deferido
96127f5f0cb60c55,AP,Interior,Engenheiro Agronomo,Classe E,RSC-VI,RSC-VI,Deferido
8f66902b5c3e776f,PF,Interior,Assistente Social,Classe E,RSC-VI,RSC-VI,Deferido
79826d546807b69b,PF,Interior,Psicólogo,Classe E,RSC-VI,RSC-VI,Deferido
49d6078de1eb9e2e,CN,Interior,Assistente de Aluno,Classe C,RSC-V,RSC-V,Deferido
2e9eef5e44f539f3,RE,Capital,Engenheiro,Classe E,RSC-VI,RSC-VI,Deferido
dfcc5be72d1da5f9,PAR,Interior,Assistente de Aluno,Classe C,RSC-V,RSC-V,Deferido
bb5cd80160813533,PAR,Interior,Técnico de Laboratório Area,Classe D,RSC-V,RSC-V,Deferido
d6b43a690601f94b,IP,Interior,Técnico de Laboratório Area,Classe D,RSC-VI,RSC-VI,Deferido
97edfe9b13078a06,JC,Interior,Auxiliar em Administração,Classe C,RSC-V,RSC-V,Deferido
5b2388dda0cb6e6b,RE,Capital,Administrador,Classe E,RSC-VI,RSC-VI,Deferido
263de1add886292f,ZL,Capital,Assistente em Administração,Classe D,RSC-V,RSC-V,Deferido
6c11bde0a57996a7,AP,Interior,Assistente em Administração,Classe D,RSC-V,RSC-V,Deferido
151e9cce680e59d8,CANG,Interior,Auxiliar em Administração,Classe C,RSC-V,RSC-V,Deferido
3d2718f073a14b2f,SC,Interior,Assistente em Administração,Classe D,RSC-V,RSC-V,Deferido
17d514f9017952a0,CA,Interior,Técnico De Tecnologia da Informação,Classe D,RSC-V,RSC-V,Deferido
b81acbbb39471c94,CNAT,Capital,Assistente em Administração,Classe D,RSC-VI,RSC-VI,Deferido
7808eac244e63714,AP,Interior,Técnico em Assuntos Educacionais,Classe E,RSC-V,RSC-V,Deferido
8c723690e1b12316,RE,Capital,Analista De Técnico Da Informacao,Classe E,RSC-VI,RSC-VI,Deferido
6dd46383dd6e5335,CM,Interior,Psicólogo,Classe E,RSC-V,RSC-V,Deferido
e009032d74bb6e03,CANG,Interior,Assistente Social,Classe E,RSC-VI,RSC-VI,Deferido
50f091c368b5849a,RE,Capital,Auditor,Classe E,RSC-V,RSC-V,Deferido
56d6c6001c3fc0f7,RE,Capital,Operador De Tele-Impressora,Classe D,RSC-VI,RSC-VI,Deferido
70f10e74886be7b0,SC,Interior,Assistente em Administração,Classe D,RSC-VI,RSC-VI,Deferido
3d281f4fe5d675ec,MO,Interior,Auxiliar De Mecanica,Classe D,RSC-V,RSC-V,Deferido
7b1c290ece82ad3b,MO,Interior,Pedagogo,Classe E,RSC-V,RSC-V,Deferido
bdee1e5b10abd6e7,ZN,Capital,Pedagogo,Classe E,RSC-V,RSC-V,Deferido
73a0a4e090427040,SGA,Interior,Assistente em Administração,Classe D,RSC-V,RSC-V,Deferido
c70513a467ec4053,IP,Interior,Assistente em Administração,Classe D,RSC-V,RSC-V,Deferido
08380b826c3cecd8,ZN,Capital,Secretario Executivo,Classe E,RSC-VI,RSC-VI,Deferido
176904791abd1b45,MC,Interior,Assistente em Administração,Classe D,RSC-V,RSC-V,Deferido
c5faabdf2cfaf85d,RE,Capital,Técnico Em Seguranca Do Trabalho,Classe D,RSC-V,RSC-V,Deferido
8c9a6bf22698c437,MO,Interior,Enfermeiro,Classe E,RSC-V,RSC-V,Deferido
a1a8a9266cd14e1e,PAAS,Interior,Assistente em Administração,Classe D,RSC-V,RSC-V,Deferido
238922ae8b749d8a,CM,Interior,Assistente Social,Classe E,RSC-VI,RSC-VI,Deferido
5ab0f198e67d3e8e,CA,Interior,Técnico em Assuntos Educacionais,Classe E,RSC-VI,RSC-VI,Deferido
51a9d92d2294957f,PAR,Interior,Assistente de Aluno,Classe C,RSC-VI,RSC-VI,Deferido
75db9c4c7a16e341,RE,Capital,Programador Visual,Classe E,RSC-VI,RSC-VI,Deferido
4abf58f4ef0a0d16,CNAT,Capital,Economista,Classe E,RSC-VI,RSC-VI,Deferido
93fe8570f65704d1,SPP,Interior,Auxiliar De Biblioteca,Classe C,RSC-V,RSC-V,Deferido
1ae4c09584974716,CA,Interior,Auxiliar De Biblioteca,Classe C,RSC-V,RSC-V,Deferido
a0e47e12c1f8a9d0,SGA,Interior,Tecnólogo,Classe E,RSC-V,RSC-V,Deferido
b8dd1e5c9e04904f,CN,Interior,Odontólogo - 30H - Dec Jud,Classe E,RSC-VI,RSC-VI,Deferido
df73fe78cb8d918e,CANG,Interior,Técnico em Enfermagem,Classe D,RSC-VI,RSC-VI,Deferido
5744999d6efa1965,JC,Interior,Assistente de Aluno,Classe C,RSC-V,RSC-V,Deferido
3da702686c8a1ccb,SC,Interior,Assistente em Administração,Classe D,RSC-V,RSC-V,Deferido
75424ee446b363c5,CNAT,Capital,Técnico de Laboratório Area,Classe D,RSC-V,RSC-V,Deferido
0474eebe3361c150,SPP,Interior,Psicólogo,Classe E,RSC-VI,RSC-VI,Deferido
817d876bed4e67d3,PAR,Interior,Assistente em Administração,Classe D,RSC-VI,RSC-VI,Deferido
0f8047340cae9e4f,CH,Capital,Auxiliar em Administração,Classe C,RSC-V,RSC-V,Deferido
ef5f7c1f6c3de6a6,CNAT,Capital,Técnico Em Secretariado,Classe D,RSC-VI,RSC-VI,Deferido
797fc33595bbd264,CNAT,Capital,Vigilante,Classe D,RSC-V,RSC-V,Deferido
a93fbf48e2a7fe76,MO,Interior,Porteiro,Classe C,RSC-V,RSC-V,Deferido
d15bf4814c6019ab,JC,Interior,Técnico de Laboratório Area,Classe D,RSC-VI,RSC-VI,Deferido
2e5f49855a5c10af,ZN,Capital,Médico,Classe E,RSC-VI,RSC-VI,Deferido
c3922c00aac5838e,PAR,Interior,Pedagogo,Classe E,RSC-VI,RSC-VI,Deferido
1d749b58341534e6,CNAT,Capital,Vigilante,Classe D,RSC-V,RSC-V,Deferido
43282e9d98005645,MC,Interior,Técnico em Enfermagem,Classe D,RSC-V,RSC-V,Deferido
a13d753306cffcc6,CN,Interior,Técnico em Assuntos Educacionais,Classe E,RSC-VI,RSC-VI,Deferido
4c0a87a8f88f5e36,JC,Interior,Técnico de Laboratório Area,Classe D,RSC-V,RSC-V,Deferido
0ebaeb7eae6fc0a5,RE,Capital,Técnico em Audiovisual,Classe D,RSC-V,RSC-V,Deferido
67a37026a21e906b,RE,Capital,Tecnólogo,Classe E,RSC-V,RSC-V,Deferido
fc83acf3ace61fe0,RE,Capital,Auxiliar em Administração,Classe C,RSC-VI,RSC-VI,Deferido
cb6151411421c05d,CNAT,Capital,Arquiteto E Urbanista,Classe E,RSC-VI,RSC-VI,Deferido
b6cf1d5241350f49,ZL,Capital,Técnico De Tecnologia da Informação,Classe D,RSC-V,RSC-V,Deferido
e11907784ed86cf7,CM,Interior,Técnico em Assuntos Educacionais,Classe E,RSC-VI,RSC-VI,Deferido
4672ffbf5b52f824,CNAT,Capital,Engenheiro,Classe E,RSC-VI,RSC-VI,Deferido
698460e8afbe8772,SC,Interior,Técnico De Tecnologia da Informação,Classe D,RSC-V,RSC-V,Deferido
e5ab59b19401e830,PAR,Interior,Técnico em Enfermagem,Classe D,RSC-V,RSC-V,Deferido
41850522f748c206,CNAT,Capital,Servente De Limpeza,Classe D,RSC-V,RSC-V,Deferido
ce4e64a3bfe5b642,CNAT,Capital,Técnico em Audiovisual,Classe D,RSC-V,RSC-V,Deferido
f27a3fd561e6986a,CN,Interior,Técnico de Laboratório Area,Classe D,RSC-V,RSC-V,Deferido
764fd752921b0bf1,CNAT,Capital,Impressor,Classe C,RSC-V,RSC-V,Deferido
db1247d2a0853d5d,RE,Capital,Técnico de Laboratório Area,Classe D,RSC-VI,RSC-VI,Deferido
ba99fd0354801e7c,PF,Interior,Técnico De Tecnologia da Informação,Classe D,RSC-V,RSC-V,Deferido
c75c6b77af129c3d,CH,Capital,Assistente Social,Classe E,RSC-VI,RSC-VI,Deferido
f88fdd50df674d90,CNAT,Capital,Auxiliar em Administração,Classe C,RSC-V,RSC-V,Deferido
22c1623b66016700,ZL,Capital,Auxiliar em Administração,Classe C,RSC-VI,RSC-VI,Deferido
b132fd7b12d9d871,CH,Capital,Assistente Social,Classe E,RSC-VI,RSC-VI,Deferido
fec874d8a1c20164,TOU,Interior,Assistente em Administração,Classe D,RSC-VI,RSC-VI,Deferido
91007e27faf0e4dd,ZL,Capital,Tradutor e Intérprete de Libras,Classe D,RSC-V,RSC-V,Deferido
9ca1d230754b4b99,AP,Interior,Assistente em Administração,Classe D,RSC-V,RSC-V,Deferido
2589fa6084a789e6,PF,Interior,Assistente em Administração,Classe D,RSC-V,RSC-V,Deferido
ebdde2b219e07e39,CNAT,Capital,Assistente em Administração,Classe D,RSC-V,RSC-V,Deferido
b0c0fdde4742709d,CA,Interior,Médico,Classe E,RSC-V,RSC-V,Deferido
f7ea3ef6df7ac899,RE,Capital,Assistente em Administração,Classe D,RSC-V,RSC-V,Deferido
983b1c16788a9f43,MO,Interior,Auditor,Classe E,RSC-VI,RSC-VI,Deferido
705b3f343c4c971f,CNAT,Capital,Telefonista,Classe C,RSC-VI,RSC-VI,Deferido
58675c6b8147b784,NC,Interior,Assistente em Administração,Classe D,RSC-VI,RSC-VI,Deferido
c73441dab9517824,CNAT,Capital,Assistente em Administração,Classe D,RSC-V,RSC-V,Deferido
ee3595cd00a8bbbe,CNAT,Capital,Assistente de Laboratório,Classe C,RSC-VI,RSC-VI,Deferido
e8252eb7927ba541,RE,Capital,Secretario Executivo,Classe E,RSC-V,RSC-V,Deferido
773a023c399da411,ZN,Capital,Auxiliar em Administração,Classe C,RSC-V,RSC-V,Deferido
6e52dfe60c5f8628,SGA,Interior,Assistente Social,Classe E,RSC-V,RSC-V,Deferido
0148747416a3e77f,RE,Capital,Vigilante,Classe D,RSC-V,RSC-V,Deferido
3fc69a17bbeb71e5,CNAT,Capital,Vigilante,Classe D,RSC-V,RSC-V,Deferido
58f0277b69153ba1,RE,Capital,Assistente em Administração,Classe D,RSC-V,RSC-V,Deferido
6797d69314143a49,NC,Interior,Assistente em Administração,Classe D,RSC-V,RSC-V,Deferido
d079e2450e1e883a,CH,Capital,Assistente em Administração,Classe D,RSC-V,RSC-V,Deferido
9e6e649bef85fdb8,CH,Capital,Assistente em Administração,Classe D,RSC-VI,RSC-VI,Deferido
22624d916874af53,CH,Capital,Técnico em Assuntos Educacionais,Classe E,RSC-V,RSC-V,Deferido
198c2831ccc6cb0a,SC,Interior,Técnico de Laboratório Area,Classe D,RSC-VI,RSC-VI,Deferido
d9d2975f0afb2eab,CNAT,Capital,Motorista,Classe C,RSC-V,RSC-V,Deferido
c9bf5889e6b0e6bf,SGA,Interior,Técnico de Laboratório Area,Classe D,RSC-VI,RSC-VI,Deferido
c96c70ea5facf92a,PF,Interior,Técnico em Enfermagem,Classe D,RSC-VI,RSC-VI,Deferido
0259d37cea5eefed,CNAT,Capital,Vigilante,Classe D,RSC-V,RSC-V,Deferido
d1c183326943a285,CNAT,Capital,Assistente em Administração,Classe D,RSC-V,RSC-V,Deferido
2355b2ba893473b4,PF,Interior,Assistente Social,Classe E,RSC-VI,RSC-VI,Deferido
2885715e5813633c,JC,Interior,Assistente em Administração,Classe D,RSC-V,RSC-V,Deferido
9a441b49949dc6a7,SC,Interior,Auxiliar em Administração,Classe C,RSC-V,RSC-V,Deferido
a8346a0310d9f362,CN,Interior,Assistente em Administração,Classe D,RSC-VI,RSC-VI,Deferido
ca6f90233e62e74f,IP,Interior,Psicólogo,Classe E,RSC-VI,RSC-VI,Deferido
07fd53a991f504d5,RE,Capital,Nutricionista,Classe E,RSC-VI,RSC-VI,Deferido
eb5cb5388cbc0320,CNAT,Capital,Vigilante,Classe D,RSC-V,RSC-V,Deferido
95822b12a463fb50,CA,Interior,Técnico em Enfermagem,Classe D,RSC-V,RSC-V,Deferido
69e76c524bdb34d1,SC,Interior,Tradutor e Intérprete de Libras,Classe D,RSC-VI,RSC-VI,Deferido
498f7072fd3e2c2c,CNAT,Capital,Técnico De Tecnologia da Informação,Classe D,RSC-V,RSC-V,Deferido
4f870fbbc25739a4,AP,Interior,Técnico de Laboratório Area,Classe D,RSC-V,RSC-V,Deferido
bea8e29866d70010,CNAT,Capital,Assistente em Administração,Classe D,RSC-V,RSC-V,Deferido
054e9a73338eea17,SGA,Interior,Assistente em Administração,Classe D,RSC-V,RSC-V,Deferido
46001a49abf647b9,RE,Capital,Analista De Técnico Da Informacao,Classe E,RSC-VI,RSC-VI,Deferido
e5ea75c37dcb8431,CM,Interior,Bibliotecário-Documentalista,Classe E,RSC-V,RSC-V,Deferido
5398953a6d5fa9c8,CA,Interior,Técnico de Laboratório Area,Classe D,RSC-VI,RSC-VI,Deferido
565a0756cdc533ac,NC,Interior,Assistente em Administração,Classe D,RSC-V,RSC-V,Deferido
1a9fdebee674eb54,SGA,Interior,Auxiliar em Administração,Classe C,RSC-V,RSC-V,Deferido
f7e3ba7a1ca3a477,RE,Capital,Analista De Técnico Da Informacao,Classe E,RSC-VI,RSC-VI,Deferido
c87e93be2426cb7a,AP,Interior,Administrador,Classe E,RSC-VI,RSC-VI,Deferido
41e2da2c1ab4a506,RE,Capital,Técnico De Tecnologia da Informação,Classe D,RSC-V,RSC-V,Deferido
bb5991042c804b85,CNAT,Capital,Pedagogo,Classe E,RSC-VI,RSC-VI,Deferido
11fcda77e28bf795,PAR,Interior,Pedagogo,Classe E,RSC-VI,RSC-VI,Deferido
f37cfce4c52eba98,RE,Capital,Tecnólogo,Classe E,RSC-VI,RSC-VI,Deferido
5920318adc4fdf71,CH,Capital,Bibliotecário-Documentalista,Classe E,RSC-V,RSC-V,Deferido
d51af071c7ea8d28,SGA,Interior,Técnico De Tecnologia da Informação,Classe D,RSC-VI,RSC-VI,Deferido
8d7964f6d9e91834,CNAT,Capital,Técnico de Laboratório Area,Classe D,RSC-VI,RSC-VI,Deferido
2822f9c1b687f89b,AP,Interior,Assistente em Administração,Classe D,RSC-VI,RSC-VI,Deferido
46bb6cdcef169120,ZN,Capital,Técnico de Laboratório Area,Classe D,RSC-V,RSC-V,Deferido
0fc36d0b43491d1c,SGA,Interior,Odontólogo - 30H - Dec Jud,Classe E,RSC-VI,RSC-VI,Deferido
0806caa776b5aa11,CNAT,Capital,Nutricionista,Classe E,RSC-V,RSC-V,Deferido
cb631596827739b6,SPP,Interior,Assistente em Administração,Classe D,RSC-V,RSC-V,Deferido
44f6c6a46600696c,CNAT,Capital,Mecanico,Classe C,RSC-V,RSC-V,Deferido
ce56d71b976a6be8,RE,Capital,Psicólogo,Classe E,RSC-VI,RSC-VI,Deferido
dc3329bfb2f50921,PAAS,Interior,Auxiliar em Administração,Classe C,RSC-V,RSC-V,Deferido
3582288ddf19b988,NC,Interior,Administrador,Classe E,RSC-VI,RSC-VI,Deferido
c429a14988f18118,RE,Capital,Assistente em Administração,Classe D,RSC-VI,RSC-VI,Deferido
95585cfd98868740,CH,Capital,Tecnólogo,Classe E,RSC-VI,RSC-VI,Deferido
ce2e6357c23e3450,LAJ,Interior,Técnico Em Secretariado,Classe D,RSC-V,RSC-V,Deferido
5fcf80c616ff853b,SPP,Interior,Tradutor e Intérprete de Libras,Classe D,RSC-V,RSC-V,Deferido
bba80d29dde215c0,PAR,Interior,Engenheiro,Classe E,RSC-VI,RSC-VI,Deferido
e91c43c0ac3a21c9,SC,Interior,Assistente em Administração,Classe D,RSC-V,RSC-V,Deferido
265804a02f716731,NC,Interior,Assistente Social,Classe E,RSC-VI,RSC-VI,Deferido
87e570332a51abe6,MO,Interior,Assistente em Administração,Classe D,RSC-VI,RSC-VI,Deferido
8c27744e5c9e5e5f,SC,Interior,Tecnólogo,Classe E,RSC-V,RSC-V,Deferido
417ab7053c925103,SPP,Interior,Bibliotecário-Documentalista,Classe E,RSC-V,RSC-V,Deferido
2dba4bec2a34994b,MO,Interior,Pedagogo,Classe E,RSC-VI,RSC-VI,Deferido
c75396499964e931,NC,Interior,Assistente de Aluno,Classe C,RSC-V,RSC-V,Deferido
74c230ef25242a93,SPP,Interior,Odontólogo - 30H - Dec Jud,Classe E,RSC-VI,RSC-VI,Deferido
49eb04a3ff267048,PAR,Interior,Técnico em Audiovisual,Classe D,RSC-V,RSC-V,Deferido
efef4c1d779a8402,MO,Interior,Médico,Classe E,RSC-VI,RSC-VI,Deferido
f73ba4c2f7449736,CM,Interior,Técnico em Contabilidade,Classe D,RSC-V,RSC-V,Deferido
cec387ba48dda345,MC,Interior,Técnico De Tecnologia da Informação,Classe D,RSC-VI,RSC-VI,Deferido
3355823368277217,NC,Interior,Assistente em Administração,Classe D,RSC-V,RSC-V,Deferido
38a30f09e4906309,CA,Interior,Assistente em Administração,Classe D,RSC-VI,RSC-VI,Deferido
3eae795d6e69df13,MO,Interior,Técnico de Laboratório Area,Classe D,RSC-VI,RSC-VI,Deferido
f4ec17124c1c02b2,MO,Interior,Assistente de Aluno,Classe C,RSC-VI,RSC-VI,Deferido
f0c12df7880b9d62,CA,Interior,Auxiliar em Administração,Classe C,RSC-V,RSC-V,Deferido
066b4e9ff3752410,IP,Interior,Técnico de Laboratório Area,Classe D,RSC-VI,RSC-VI,Deferido
41a8a2631de365a5,LAJ,Interior,Assistente em Administração,Classe D,RSC-V,RSC-V,Deferido
d998576c3eba9bbb,PAR,Interior,Tradutor e Intérprete de Libras,Classe D,RSC-V,RSC-V,Deferido
a5d6f67fd51e1280,CNAT,Capital,Assistente Social,Classe E,RSC-VI,RSC-VI,Deferido
940f9964c62e11f1,IP,Interior,Assistente em Administração,Classe D,RSC-V,RSC-V,Deferido
0728f29402c962cb,SGA,Interior,Assistente em Administração,Classe D,RSC-VI,RSC-VI,Deferido
45a2ed31c975f5e2,CNAT,Capital,Técnico em Mecânica,Classe D,RSC-V,RSC-V,Deferido
408d022db318ec99,CANG,Interior,Assistente em Administração,Classe D,RSC-VI,RSC-VI,Deferido
a44acf7411408160,SC,Interior,Assistente em Administração,Classe D,RSC-V,RSC-V,Deferido
bf5ec3ec8371ba86,MO,Interior,Técnico De Tecnologia da Informação,Classe D,RSC-V,RSC-V,Deferido
863bc817a845c5a9,RE,Capital,Publicitario,Classe E,RSC-VI,RSC-VI,Deferido
bc2e9c42cc1f2dbe,RE,Capital,Auxiliar em Administração,Classe C,RSC-V,RSC-V,Deferido
6160843d997a5192,AP,Interior,Pedagogo,Classe E,RSC-VI,RSC-VI,Deferido
63df5dbf23bd41f0,CTM,Interior,Auxiliar em Administração,Classe C,RSC-V,RSC-V,Deferido
0bd8141b9d0902d1,SGA,Interior,Assistente de Aluno,Classe C,RSC-V,RSC-V,Deferido
aad99050254a874f,CM,Interior,Técnico Em Seguranca Do Trabalho,Classe D,RSC-V,RSC-V,Deferido
9b5f60d40e05f5ba,ZL,Capital,Assistente em Administração,Classe D,RSC-V,RSC-V,Deferido
cb78ca8e0d88544b,RE,Capital,Diagramador,Classe D,RSC-VI,RSC-VI,Deferido
d55a349619d12660,MO,Interior,Técnico de Laboratório Area,Classe D,RSC-VI,RSC-VI,Deferido
b3a5a80abc452951,CH,Capital,Assistente em Administração,Classe D,RSC-VI,RSC-VI,Deferido
7ff14781d6e2be28,PF,Interior,Assistente em Administração,Classe D,RSC-V,RSC-V,Deferido
24af4f693035c14e,AP,Interior,Técnico de Laboratório Area,Classe D,RSC-VI,RSC-VI,Deferido
18a14c225bb5e332,SC,Interior,Assistente em Administração,Classe D,RSC-VI,RSC-VI,Deferido
4f05ec6bed447fad,ZN,Capital,Assistente em Administração,Classe D,RSC-VI,RSC-VI,Deferido
9eaf22403a5ca69f,CNAT,Capital,Médico,Classe E,RSC-VI,RSC-VI,Deferido
d683cfc0ce43e937,CA,Interior,Assistente em Administração,Classe D,RSC-V,RSC-V,Deferido
01f996bfca5a586c,RE,Capital,Técnico Em Seguranca Do Trabalho,Classe D,RSC-VI,RSC-VI,Deferido
b141d187fe678def,CM,Interior,Técnico de Laboratório Area,Classe D,RSC-V,RSC-V,Deferido
e6a117a44cdf2f19,SC,Interior,Técnico em Enfermagem,Classe D,RSC-V,RSC-V,Deferido
97cba97564fee694,SGA,Interior,Engenheiro,Classe E,RSC-V,RSC-V,Deferido
aca57b478e8cc12d,CA,Interior,Auditor,Classe E,RSC-VI,RSC-VI,Deferido
669f40b91bd4da82,RE,Capital,Assistente em Administração,Classe D,RSC-VI,RSC-VI,Deferido
c54c885f7698c81b,JC,Interior,Pedagogo,Classe E,RSC-VI,RSC-VI,Deferido
00085627e3dd30d6,CA,Interior,Assistente em Administração,Classe D,RSC-III,RSC-III,Deferido
a3c69069bbf70185,AP,Interior,Bibliotecário-Documentalista,Classe E,RSC-VI,RSC-VI,Deferido
fc56b01f76a52575,CM,Interior,Técnico em Audiovisual,Classe D,RSC-V,RSC-V,Deferido
f837ad0f535e28d0,AP,Interior,Assistente em Administração,Classe D,RSC-VI,RSC-VI,Deferido
6cb6eea1cc17b9d8,CH,Capital,Técnico em Enfermagem,Classe D,RSC-VI,RSC-VI,Deferido
b00acbf5108574a9,SGA,Interior,Médico,Classe E,RSC-V,RSC-V,Deferido
3fb84afce152c3e2,CANG,Interior,Técnico em Contabilidade,Classe D,RSC-V,RSC-V,Deferido
0d80f951e4d1252e,CH,Capital,Técnico em Enfermagem,Classe D,RSC-VI,RSC-VI,Deferido
23a7b41f104d1220,RE,Capital,Assistente Social,Classe E,RSC-VI,RSC-VI,Deferido
0d28437cb155fef2,PAR,Interior,Assistente em Administração,Classe D,RSC-VI,RSC-VI,Deferido
e6dc138e615101ae,SPP,Interior,Técnico de Laboratório Area,Classe D,RSC-VI,RSC-VI,Deferido
f513cb9c6ea26e60,JC,Interior,Auxiliar em Administração,Classe C,RSC-VI,RSC-VI,Deferido
cece8267c70e9e04,NC,Interior,Técnico de Laboratório Area,Classe D,RSC-VI,RSC-VI,Deferido
fc0b7db7819205d2,CM,Interior,Técnico De Tecnologia da Informação,Classe D,RSC-VI,RSC-VI,Deferido
cf32755d24c66ae8,RE,Capital,Auxiliar em Administração,Classe C,RSC-V,RSC-V,Deferido
95935ce01ad1b78c,CA,Interior,Auxiliar De Biblioteca,Classe C,RSC-V,RSC-V,Deferido
8bcef59c04e79a11,ZL,Capital,Assistente em Administração,Classe D,RSC-VI,RSC-VI,Deferido
d9135b428f9867da,CANG,Interior,Assistente de Aluno,Classe C,RSC-V,RSC-V,Deferido
da03e0861703d533,ZN,Capital,Técnico em Enfermagem,Classe D,RSC-VI,RSC-VI,Deferido
8eac2de3916016bd,CNAT,Capital,Vigilante,Classe D,RSC-V,RSC-V,Deferido
2d89a12e874e20b9,RE,Capital,Assistente em Administração,Classe D,RSC-VI,RSC-VI,Deferido
61c5f57e62f8f638,NC,Interior,Pedagogo,Classe E,RSC-VI,RSC-VI,Deferido
26dafce16cbdebd2,RE,Capital,Secretario Executivo,Classe E,RSC-VI,RSC-VI,Deferido
7bee1bd94e52ca15,CA,Interior,Contador,Classe E,RSC-VI,RSC-VI,Deferido
53934dacabcadfa5,CM,Interior,Tecnólogo,Classe E,RSC-VI,RSC-VI,Deferido
4f722c3fa2e02a60,CM,Interior,Assistente em Administração,Classe D,RSC-V,RSC-V,Deferido
7493ee2275fc4acf,RE,Capital,Técnico Em Secretariado,Classe D,RSC-V,RSC-V,Deferido
f3f515260fe127f9,MO,Interior,Técnico em Contabilidade,Classe D,RSC-VI,RSC-VI,Deferido
18d173ace820987d,AP,Interior,Pedagogo,Classe E,RSC-VI,RSC-VI,Deferido
e62fc9b7cfa71062,CNAT,Capital,Pedagogo,Classe E,RSC-VI,RSC-VI,Deferido
67ad29097ea1b885,RE,Capital,Assistente em Administração,Classe D,RSC-VI,RSC-VI,Deferido
1badd3efd009c873,CANG,Interior,Assistente em Administração,Classe D,RSC-V,RSC-V,Deferido
c0f17ce0490da11e,RE,Capital,Auxiliar em Administração,Classe C,RSC-V,RSC-V,Deferido
6e5254efd5ca6fbe,RE,Capital,Administrador,Classe E,RSC-VI,RSC-VI,Deferido
24749d54720d1aa8,CN,Interior,Assistente em Administração,Classe D,RSC-VI,RSC-VI,Deferido
cba845fdb160f8e6,ZL,Capital,Analista De Técnico Da Informacao,Classe E,RSC-V,RSC-V,Deferido
db5e44ea90d0617e,RE,Capital,Contador,Classe E,RSC-VI,RSC-VI,Deferido
285aaea35441e173,PF,Interior,Técnico de Laboratório Area,Classe D,RSC-VI,RSC-VI,Deferido
8ebed26ad6a80df8,RE,Capital,Economista,Classe E,RSC-V,RSC-V,Deferido
3e4b3122e6639751,CA,Interior,Assistente em Administração,Classe D,RSC-V,RSC-V,Deferido
f5b6771b9aa1502f,PAAS,Interior,Assistente em Administração,Classe D,RSC-V,RSC-V,Deferido
e164d606fd0d9572,AP,Interior,Assistente em Administração,Classe D,RSC-V,RSC-V,Deferido
84f5dd4bf5579385,IP,Interior,Assistente em Administração,Classe D,RSC-V,RSC-V,Deferido
419dd685344b86f1,CNAT,Capital,Auxiliar em Administração,Classe C,RSC-V,RSC-V,Deferido
fe349c126d9a1d52,PF,Interior,Assistente em Administração,Classe D,RSC-VI,RSC-VI,Deferido
2252aa98fe11f756,CN,Interior,Assistente de Laboratório,Classe C,RSC-V,RSC-V,Deferido
8c54976a6f841652,LAJ,Interior,Técnico em Eletrotécnica,Classe D,RSC-VI,RSC-VI,Deferido
756662747b9ea04b,AP,Interior,Odontólogo - 40 Horas,Classe E,RSC-VI,RSC-VI,Deferido
ac4cee54075a88c8,RE,Capital,Secretario Executivo,Classe E,RSC-VI,RSC-VI,Deferido
0627ebaa32a97e40,PF,Interior,Técnico em Assuntos Educacionais,Classe E,RSC-VI,RSC-VI,Deferido
834f63c9b19b5f9c,CNAT,Capital,Técnico em Assuntos Educacionais,Classe E,RSC-V,RSC-V,Deferido
22c6adb48f3b206c,AP,Interior,Nutricionista,Classe E,RSC-VI,RSC-VI,Deferido
106568a152bcc569,MO,Interior,Porteiro,Classe C,RSC-V,RSC-V,Deferido
e815ac64caee54b1,PAR,Interior,Assistente em Administração,Classe D,RSC-VI,RSC-VI,Deferido
ef51e4f577848f6d,CH,Capital,Técnico de Laboratório Area,Classe D,RSC-V,RSC-V,Deferido
47b670ff6005337f,MO,Interior,Técnico em Eletrotécnica,Classe D,RSC-VI,RSC-VI,Deferido
bae97437e6e6d24a,MO,Interior,Técnico De Tecnologia da Informação,Classe D,RSC-V,RSC-V,Deferido
aa5ccd1f324f34e8,CANG,Interior,Técnico de Laboratório Area,Classe D,RSC-V,RSC-V,Deferido
6f101d7be33173fd,CNAT,Capital,Engenheiro De Seg Do Trabalho,Classe E,RSC-VI,RSC-VI,Deferido
bd71d3bdb32e6e50,CN,Interior,Administrador,Classe E,RSC-VI,RSC-VI,Deferido
8da1201fe93ff2dc,ZN,Capital,Assistente em Administração,Classe D,RSC-V,RSC-V,Deferido
61ba6cddb74cf039,AP,Interior,Assistente de Aluno,Classe C,RSC-V,RSC-V,Deferido
ab1a0c4a84e9c9dc,ZN,Capital,Assistente em Administração,Classe D,RSC-VI,RSC-VI,Deferido
435f0fb3f1f57316,IP,Interior,Técnico em Enfermagem,Classe D,RSC-V,RSC-V,Deferido
7afee477612a5f91,RE,Capital,Auxiliar em Administração,Classe C,RSC-V,RSC-V,Deferido
9d1c1c8d79e67d9a,SGA,Interior,Assistente em Administração,Classe D,RSC-V,RSC-V,Deferido
c9777bf357979431,CNAT,Capital,Assistente em Administração,Classe D,RSC-V,RSC-V,Deferido
a16be3a7c3e67b3f,MO,Interior,Auxiliar de Enfermagem,Classe C,RSC-V,RSC-V,Deferido
e798fc408a7e2c3f,RE,Capital,Auxiliar em Administração,Classe C,RSC-V,RSC-V,Deferido
c94d246f37e7495c,SC,Interior,Técnico Em Secretariado,Classe D,RSC-V,RSC-V,Deferido
377606d6211a9a21,CM,Interior,Auxiliar em Administração,Classe C,RSC-V,RSC-V,Deferido
46509b90f12669b4,CNAT,Capital,Técnico de Laboratório Area,Classe D,RSC-VI,RSC-VI,Deferido
5c4b483da6cff6e7,JC,Interior,Tradutor e Intérprete de Libras,Classe D,RSC-V,RSC-V,Deferido
b2bfc883a838241e,CA,Interior,Técnico de Laboratório Area,Classe D,RSC-VI,RSC-VI,Deferido
a58c601f93493dc7,CM,Interior,Contador,Classe E,RSC-VI,RSC-VI,Deferido
f5a632a53faf8d33,SGA,Interior,Auxiliar em Administração,Classe C,RSC-V,RSC-V,Deferido
a6f2fe44fc1cd258,RE,Capital,Administrador,Classe E,RSC-V,RSC-V,Deferido
58077db1bccce392,RE,Capital,Auditor,Classe E,RSC-VI,RSC-VI,Deferido
5ed68bf723bfbc1b,CM,Interior,Técnico em Enfermagem,Classe D,RSC-V,RSC-V,Deferido
5f9cdf39f16a4eb0,SC,Interior,Assistente de Aluno,Classe C,RSC-V,RSC-V,Deferido
52f694a9cdf5d263,CA,Interior,Assistente em Administração,Classe D,RSC-V,RSC-V,Deferido
1181aec4a7422836,RE,Capital,Auditor,Classe E,RSC-VI,RSC-VI,Deferido
239733b7b8fa9ca1,PAAS,Interior,Enfermeiro,Classe E,RSC-VI,RSC-VI,Deferido
51e8906b603b070a,CNAT,Capital,Carpinteiro,Classe D,RSC-V,RSC-V,Deferido
4d00123f34aa8226,PF,Interior,Assistente em Administração,Classe D,RSC-V,RSC-V,Deferido
300c60e85e592647,ZN,Capital,Técnico de Laboratório Area,Classe D,RSC-V,RSC-V,Deferido
afd5ef7d82f2c7b5,MC,Interior,Técnico em Química,Classe D,RSC-VI,RSC-VI,Deferido
47b68523bd4d57d6,SC,Interior,Auxiliar em Administração,Classe C,RSC-V,RSC-V,Deferido
6648b9154c287267,CNAT,Capital,Auxiliar em Administração,Classe C,RSC-V,RSC-V,Deferido
30b8374fdae67466,PAR,Interior,Assistente em Administração,Classe D,RSC-V,RSC-V,Deferido
6862d8ee741de3c5,PAR,Interior,Nutricionista,Classe E,RSC-VI,RSC-VI,Deferido
b38c4f322a3020fe,CNAT,Capital,Técnico de Laboratório Area,Classe D,RSC-V,RSC-V,Deferido
18f941ab1b9df510,CH,Capital,Assistente de Aluno,Classe C,RSC-V,RSC-V,Deferido
b48a723a01cd704d,SPP,Interior,Auxiliar em Assuntos Educacionais,Classe C,RSC-V,RSC-V,Deferido
dce6c8b210549fea,CANG,Interior,Técnico Em Secretariado,Classe D,RSC-VI,RSC-VI,Deferido
d1fe7f3768b3a3d4,SC,Interior,Auxiliar em Administração,Classe C,RSC-V,RSC-V,Deferido
b51f7c7382bf29bd,PAR,Interior,Tradutor e Intérprete de Libras,Classe D,RSC-VI,RSC-VI,Deferido
0a134fefffb03ec7,RE,Capital,Analista De Técnico Da Informacao,Classe E,RSC-VI,RSC-VI,Deferido
075acdbe06ab33eb,ZN,Capital,Administrador,Classe E,RSC-VI,RSC-VI,Deferido
cdfe8a58b0696a43,CANG,Interior,Administrador,Classe E,RSC-VI,RSC-VI,Deferido
147483c240e39b52,CN,Interior,Técnico de Laboratório Area,Classe D,RSC-V,RSC-V,Deferido
a6eba4ddbf6e387f,RE,Capital,Analista De Técnico Da Informacao,Classe E,RSC-VI,RSC-VI,Deferido
a7505b4abd095320,AP,Interior,Técnico de Laboratório Area,Classe D,RSC-VI,RSC-VI,Deferido
1651f8f5c45d6a04,CNAT,Capital,Assistente em Administração,Classe D,RSC-VI,RSC-VI,Deferido
25ef19fd34265dd7,CNAT,Capital,Psicólogo,Classe E,RSC-VI,RSC-VI,Deferido
f18ae435d02935f3,CNAT,Capital,Assistente de Laboratório,Classe C,RSC-VI,RSC-VI,Deferido
07190bc9a6a6f1fa,CH,Capital,Assistente em Administração,Classe D,RSC-V,RSC-V,Deferido
310718e2b9fdceff,CA,Interior,Assistente em Administração,Classe D,RSC-VI,RSC-VI,Deferido
77b76c81e265e2e5,SPP,Interior,Engenheiro,Classe E,RSC-VI,RSC-VI,Deferido
551a54b2846a0060,MO,Interior,Pedagogo,Classe E,RSC-V,RSC-V,Deferido
5e744061c2bb5e8e,CM,Interior,Técnico de Laboratório Area,Classe D,RSC-VI,RSC-VI,Deferido
7bd6685e8cbdd2c4,JC,Interior,Auxiliar em Administração,Classe C,RSC-V,RSC-V,Deferido
23c1112c5aef44be,RE,Capital,Engenheiro De Seg Do Trabalho,Classe E,RSC-VI,RSC-VI,Deferido
35bdcd8d36fc50b0,RE,Capital,Porteiro,Classe C,RSC-V,RSC-V,Deferido
85fc4d831cfb80fe,SGA,Interior,Técnico em Enfermagem,Classe D,RSC-VI,RSC-VI,Deferido
5ff37ffc77bddc35,CTM,Interior,Técnico de Laboratório Area,Classe D,RSC-VI,RSC-VI,Deferido
2498a1e829ba5ab1,RE,Capital,Contador,Classe E,RSC-VI,RSC-VI,Deferido
22e06a9e2df083d7,PAR,Interior,Auxiliar em Administração,Classe C,RSC-V,RSC-V,Deferido
f25d4fed2b13da36,CNAT,Capital,Assistente em Administração,Classe D,RSC-VI,RSC-VI,Deferido
1ad7aa942a702bfb,CNAT,Capital,Técnico De Tecnologia da Informação,Classe D,RSC-VI,RSC-VI,Deferido
ef6bf2b1f03a1d3a,PAR,Interior,Técnico de Laboratório Area,Classe D,RSC-VI,RSC-VI,Deferido
54bd1073bffc9bb8,CN,Interior,Assistente em Administração,Classe D,RSC-VI,RSC-VI,Deferido
fcca58597f1779dc,RE,Capital,Tradutor e Intérprete de Libras,Classe D,RSC-V,RSC-V,Deferido
c16aac571d68c338,NC,Interior,Técnico de Laboratório Area,Classe D,RSC-V,RSC-V,Deferido
607631d7e5b1ea1b,CA,Interior,Assistente em Administração,Classe D,RSC-VI,RSC-VI,Deferido
ecd61e28fe817d0c,RE,Capital,Auxiliar em Administração,Classe C,RSC-V,RSC-V,Deferido
1cffefb7062bca82,CNAT,Capital,Pedagogo,Classe E,RSC-VI,RSC-VI,Deferido
1327d9a138f1d4bb,PAR,Interior,Técnico em Enfermagem,Classe D,RSC-V,RSC-V,Deferido
9423e2092d1294ef,CNAT,Capital,Auxiliar em Administração,Classe C,RSC-V,RSC-V,Deferido
5565a2d1e5fd7e8e,SGA,Interior,Assistente em Administração,Classe D,RSC-V,RSC-V,Deferido
0073cab93b756075,CNAT,Capital,Técnico em Assuntos Educacionais,Classe E,RSC-VI,RSC-VI,Deferido
9bda6111ae071b06,RE,Capital,Revisor De Textos,Classe E,RSC-VI,RSC-VI,Deferido
58ff91023b3be4d8,MO,Interior,Assistente em Administração,Classe D,RSC-VI,RSC-VI,Deferido
066147a42c7dcae5,IP,Interior,Assistente em Administração,Classe D,RSC-V,RSC-V,Deferido
8e86a2fe1212c514,RE,Capital,Contador,Classe E,RSC-VI,RSC-VI,Deferido
5c47a2c98d0cfdf4,CNAT,Capital,Assistente Social,Classe E,RSC-VI,RSC-VI,Deferido
96f9f3f49ab07a3f,PAR,Interior,Técnico de Laboratório Area,Classe D,RSC-V,RSC-V,Deferido
19755005d05d4343,CNAT,Capital,Assistente em Administração,Classe D,RSC-VI,RSC-VI,Deferido
b2c2ad0a183ea7e0,RE,Capital,Secretario Executivo,Classe E,RSC-V,RSC-V,Deferido
070a5b0b6c98e137,NC,Interior,Assistente de Laboratório,Classe C,RSC-V,RSC-V,Deferido
80e42ef0483ec509,MO,Interior,Assistente em Administração,Classe D,RSC-VI,RSC-VI,Deferido
ee7443be0bf5ba59,ZN,Capital,Odontólogo - 40 Horas,Classe E,RSC-VI,RSC-VI,Deferido
cf8be42a90ab5891,MC,Interior,Técnico em Química,Classe D,RSC-V,RSC-V,Deferido
b5fa470df8e33bdb,RE,Capital,Analista De Técnico Da Informacao,Classe E,RSC-VI,RSC-VI,Deferido
c1d3f19d3cc56e13,RE,Capital,Engenheiro,Classe E,RSC-VI,RSC-VI,Deferido
c822276021580e3b,RE,Capital,Administrador,Classe E,RSC-VI,RSC-VI,Deferido
f5a66d937a6ef259,SC,Interior,Assistente em Administração,Classe D,RSC-VI,RSC-VI,Deferido
017d03c83ab834fd,CH,Capital,Administrador,Classe E,RSC-VI,RSC-VI,Deferido
4504810171695907,UMZ,Interior,Assistente em Administração,Classe D,RSC-VI,RSC-VI,Deferido
852f83cc45756f25,CN,Interior,Técnico de Laboratório Area,Classe D,RSC-VI,RSC-VI,Deferido
68b7192909787341,LAJ,Interior,Técnico de Laboratório Area,Classe D,RSC-VI,RSC-VI,Deferido
f5ae75d85e2ef606,CANG,Interior,Engenheiro,Classe E,RSC-VI,RSC-VI,Deferido
e4e0e59afc96e7b9,PF,Interior,Técnico de Laboratório Area,Classe D,RSC-V,RSC-V,Deferido
bcae86e6283b5e94,AP,Interior,Assistente de Aluno,Classe C,RSC-V,RSC-V,Deferido
18ffb82fa1289d43,RE,Capital,Auxiliar em Administração,Classe C,RSC-VI,RSC-VI,Deferido
d769af2a930c845e,CN,Interior,Assistente em Administração,Classe D,RSC-V,RSC-V,Deferido
84c5b9fa06820757,PF,Interior,Assistente em Administração,Classe D,RSC-VI,RSC-VI,Deferido
8b5572771dfcb031,RE,Capital,Assistente em Administração,Classe D,RSC-VI,RSC-VI,Deferido
12473804969b08e9,MO,Interior,Assistente em Administração,Classe D,RSC-VI,RSC-VI,Deferido
fa00c8b39593b200,CA,Interior,Assistente em Administração,Classe D,RSC-VI,RSC-VI,Deferido
0baa8d4b165c9377,ZN,Capital,Assistente em Administração,Classe D,RSC-V,RSC-V,Deferido
cfeeee20b394fedc,AP,Interior,Assistente em Administração,Classe D,RSC-V,RSC-V,Deferido
14559c251e80833d,IP,Interior,Assistente em Administração,Classe D,RSC-VI,RSC-VI,Deferido
b29741ca32ec4220,PAAS,Interior,Assistente de Aluno,Classe C,RSC-VI,RSC-VI,Deferido
e6422967a830134a,CH,Capital,Assistente em Administração,Classe D,RSC-V,RSC-V,Deferido
ccc74e57a52d8475,RE,Capital,Assistente em Administração,Classe D,RSC-VI,RSC-VI,Deferido
fcbff065cc2acb42,RE,Capital,Analista De Técnico Da Informacao,Classe E,RSC-VI,RSC-VI,Deferido
d4ed8d848f898d86,RE,Capital,Tecnólogo,Classe E,RSC-V,RSC-V,Deferido
c8caaacbbb146620,JC,Interior,Assistente em Administração,Classe D,RSC-V,RSC-V,Deferido
32ccdf315847ecf4,RE,Capital,Técnico De Tecnologia da Informação,Classe D,RSC-V,RSC-V,Deferido
addc32a5cf10f179,RE,Capital,Analista De Técnico Da Informacao,Classe E,RSC-VI,RSC-VI,Deferido
8b113eac9dddc504,CANG,Interior,Bibliotecário-Documentalista,Classe E,RSC-V,RSC-V,Deferido
03bf6aed6dd7d27d,PF,Interior,Assistente em Administração,Classe D,RSC-V,RSC-V,Deferido
e592f2b2a515facb,RE,Capital,Assistente em Administração,Classe D,RSC-VI,RSC-VI,Deferido
49c61518e348bab6,PAR,Interior,Técnico em Assuntos Educacionais,Classe E,RSC-VI,RSC-VI,Deferido
59e4f255eb040171,MO,Interior,Administrador,Classe E,RSC-VI,RSC-VI,Deferido
720be216183e65ca,RE,Capital,Técnico de Laboratório Area,Classe D,RSC-VI,RSC-VI,Deferido
2f768f7e312f8cd8,CNAT,Capital,Técnico de Laboratório Area,Classe D,RSC-VI,RSC-VI,Deferido
082ac000d1068d87,ZN,Capital,Engenheiro,Classe E,RSC-V,RSC-V,Deferido
b8e4867507f10a0a,MO,Interior,Auxiliar De Artes Graficas,Classe D,RSC-V,RSC-V,Deferido
ee53de65f1095559,ZN,Capital,Assistente em Administração,Classe D,RSC-V,RSC-V,Deferido
2999efef60d8443e,RE,Capital,Auditor,Classe E,RSC-V,RSC-V,Deferido
2e9942f2f87ae5ee,SGA,Interior,Administrador,Classe E,RSC-VI,RSC-VI,Deferido
3ad4db81bec513fc,CNAT,Capital,Assistente em Administração,Classe D,RSC-VI,RSC-VI,Deferido
5cccbc407c932d0b,CM,Interior,Auxiliar em Assuntos Educacionais,Classe C,RSC-V,RSC-V,Deferido
11ca671f9b9fd113,ZN,Capital,Técnico em Enfermagem,Classe D,RSC-VI,RSC-VI,Deferido
76c5db9c27aa8af2,ZN,Capital,Auxiliar em Administração,Classe C,RSC-V,RSC-V,Deferido
ab04a96d29e317a4,MO,Interior,Assistente Social,Classe E,RSC-VI,RSC-VI,Deferido
f2ff8765e5f84df8,RE,Capital,Assistente em Administração,Classe D,RSC-VI,RSC-VI,Deferido
db4755bc7155a179,AP,Interior,Engenheiro,Classe E,RSC-VI,RSC-VI,Deferido
8614387f4282cb79,RE,Capital,Analista De Técnico Da Informacao,Classe E,RSC-VI,RSC-VI,Deferido
48e2741ba31b3abf,LAJ,Interior,Tradutor e Intérprete de Libras,Classe D,RSC-V,RSC-V,Deferido
623be6d3b64dc06d,AP,Interior,Engenheiro,Classe E,RSC-VI,RSC-VI,Deferido
2baa6b6c1ed5a185,RE,Capital,Secretario Executivo,Classe E,RSC-VI,RSC-VI,Deferido
e97a6ed4c18303e2,RE,Capital,Auxiliar em Administração,Classe C,RSC-V,RSC-V,Deferido
2fb5afc5b53e9eba,JC,Interior,Assistente em Administração,Classe D,RSC-V,RSC-V,Deferido
f0bd1a61aa061315,CANG,Interior,Secretario Executivo,Classe E,RSC-VI,RSC-VI,Deferido
f04084f2ad356ea1,SGA,Interior,Assistente em Administração,Classe D,RSC-V,RSC-V,Deferido
8e9a23bb539736d2,RE,Capital,Pedagogo,Classe E,RSC-VI,RSC-VI,Deferido
b25c94f7db7ed913,CN,Interior,Assistente Social,Classe E,RSC-VI,RSC-VI,Deferido
3e33193dd6af779d,CH,Capital,Auxiliar em Administração,Classe C,RSC-V,RSC-V,Deferido
e3e40043f5e9e03c,RE,Capital,Auditor,Classe E,RSC-VI,RSC-VI,Deferido
107576b07791751f,CNAT,Capital,Assistente em Administração,Classe D,RSC-VI,RSC-VI,Deferido
3bd075503918fa3e,CN,Interior,Assistente em Administração,Classe D,RSC-V,RSC-V,Deferido
a9975cc57dc027ca,PF,Interior,Técnico de Laboratório Area,Classe D,RSC-VI,RSC-VI,Deferido
4fc8b07a161c38e5,AP,Interior,Assistente Social,Classe E,RSC-VI,RSC-VI,Deferido
985b30b475e95ca0,RE,Capital,Assistente em Administração,Classe D,RSC-VI,RSC-VI,Deferido
7454ebca3f89e461,CNAT,Capital,Assistente em Administração,Classe D,RSC-V,RSC-V,Deferido
ec7613708a4889b3,PAR,Interior,Auxiliar em Administração,Classe C,RSC-V,RSC-V,Deferido
82ad93452327d2be,JC,Interior,Técnico em Assuntos Educacionais,Classe E,RSC-VI,RSC-VI,Deferido
ccc044cf5437262a,RE,Capital,Assistente em Administração,Classe D,RSC-VI,RSC-VI,Deferido
f1166bd3ed197907,SPP,Interior,Assistente de Aluno,Classe C,RSC-V,RSC-V,Deferido
848613654a688fda,NC,Interior,Assistente em Administração,Classe D,RSC-VI,RSC-VI,Deferido
10d9d22133bbbeb8,SPP,Interior,Técnico de Laboratório Area,Classe D,RSC-VI,RSC-VI,Deferido
714a984989446d0c,RE,Capital,Analista De Técnico Da Informacao,Classe E,RSC-VI,RSC-VI,Deferido
9d30481e7b67ecde,IP,Interior,Assistente Social,Classe E,RSC-VI,RSC-VI,Deferido
516bedc7e30d932d,CN,Interior,Assistente em Administração,Classe D,RSC-V,RSC-V,Deferido
e9c474285b2a74bd,ZL,Capital,Técnico de Laboratório Area,Classe D,RSC-VI,RSC-VI,Deferido
9e050d8b75234a34,RE,Capital,Auxiliar em Administração,Classe C,RSC-VI,RSC-VI,Deferido
8c4679dd6f96047d,CM,Interior,Técnico de Laboratório Area,Classe D,RSC-V,RSC-V,Deferido
92b0e4211a93e9b4,JC,Interior,Auxiliar em Administração,Classe C,RSC-V,RSC-V,Deferido
5affad9dcb5f2cd1,SPP,Interior,Assistente de Aluno,Classe C,RSC-III,RSC-III,Deferido
a7a0d721632716f9,RE,Capital,Assistente em Administração,Classe D,RSC-VI,RSC-VI,Deferido
f90f20ad18478fb9,CH,Capital,Auxiliar em Administração,Classe C,RSC-V,RSC-V,Deferido
633b117feee136cd,PF,Interior,Auxiliar em Administração,Classe C,RSC-VI,RSC-VI,Deferido
40eb2ed299725f8b,CNAT,Capital,Assistente em Administração,Classe D,RSC-VI,RSC-VI,Deferido
a58221d1246251f5,CNAT,Capital,Assistente em Administração,Classe D,RSC-V,RSC-V,Deferido
db77d2516ade230e,IP,Interior,Auxiliar em Administração,Classe C,RSC-V,RSC-V,Deferido
95485139c326a584,RE,Capital,Administrador,Classe E,RSC-VI,RSC-VI,Deferido
7c203c321038fc96,PF,Interior,Técnico De Tecnologia da Informação,Classe D,RSC-VI,RSC-VI,Deferido
920bdf4db4aa29e9,RE,Capital,Assistente em Administração,Classe D,RSC-VI,RSC-VI,Deferido
d985397c4e879f73,RE,Capital,Auxiliar em Administração,Classe C,RSC-VI,RSC-VI,Deferido
5607c6bc25e775aa,ZL,Capital,Técnico De Tecnologia da Informação,Classe D,RSC-V,RSC-V,Deferido
e77bbf9b1708994b,NC,Interior,Engenheiro,Classe E,RSC-VI,RSC-VI,Deferido
69b2019bd2e5df30,CANG,Interior,Assistente de Aluno,Classe C,RSC-V,RSC-V,Deferido
4a6d1fd2f9b8845b,AP,Interior,Assistente em Administração,Classe D,RSC-VI,RSC-VI,Deferido
71ca6608cc93c7f7,MO,Interior,Assistente Social,Classe E,RSC-VI,RSC-VI,Deferido
6907f34b5c6c098b,IP,Interior,Bibliotecário-Documentalista,Classe E,RSC-VI,RSC-VI,Deferido
84ea0e62fa6f1024,PF,Interior,Técnico em Agropecuária,Classe D,RSC-VI,RSC-VI,Deferido
10b49449d8bd2b3f,RE,Capital,Auxiliar em Administração,Classe C,RSC-V,RSC-V,Deferido
081d5589644f9451,PAR,Interior,Contador,Classe E,RSC-VI,RSC-VI,Deferido
b2452fc5e362207f,SGA,Interior,Auxiliar em Administração,Classe C,RSC-V,RSC-V,Deferido
c77cfc10f39c4714,SC,Interior,Técnico de Laboratório Area,Classe D,RSC-VI,RSC-VI,Deferido
9af53bd232a88358,MC,Interior,Técnico de Laboratório Area,Classe D,RSC-VI,RSC-VI,Deferido
42d43138517a69e3,IP,Interior,Assistente em Administração,Classe D,RSC-VI,RSC-VI,Deferido
716d48bc4f87c608,RE,Capital,Jornalista,Classe E,RSC-VI,RSC-VI,Deferido
c3da8560880cb87d,CNAT,Capital,Assistente em Administração,Classe D,RSC-V,RSC-V,Deferido
7713dddcb67186e7,PF,Interior,Assistente em Administração,Classe D,RSC-V,RSC-V,Deferido
e41b07b1788b3d7f,ZL,Capital,Assistente em Administração,Classe D,RSC-VI,RSC-VI,Deferido
5338df034d1fbc98,ZN,Capital,Contador,Classe E,RSC-V,RSC-V,Deferido
6c39f2322835ec3f,ZN,Capital,Auxiliar em Administração,Classe C,RSC-VI,RSC-VI,Deferido
8cc6f4caa461da9a,CM,Interior,Técnico em Edificações,Classe D,RSC-VI,RSC-VI,Deferido
3de3fc61294bd261,ZN,Capital,Auxiliar em Administração,Classe C,RSC-V,RSC-V,Deferido
b2b57be988c3d4dd,JC,Interior,Assistente em Administração,Classe D,RSC-VI,RSC-VI,Deferido
92d7af1a01b87082,PAAS,Interior,Auxiliar De Biblioteca,Classe C,RSC-VI,RSC-VI,Deferido
59299112633fd23a,IP,Interior,Assistente em Administração,Classe D,RSC-V,RSC-V,Deferido
533ca774a7805c64,PF,Interior,Técnico de Laboratório Area,Classe D,RSC-VI,RSC-VI,Deferido
41cdefce88a4df94,CH,Capital,Produtor Cultural,Classe E,RSC-VI,RSC-VI,Deferido
6c7c6106597dd0d2,SGA,Interior,Auxiliar em Administração,Classe C,RSC-V,RSC-V,Deferido
58363db4718b5e7a,SGA,Interior,Auxiliar em Administração,Classe C,RSC-V,RSC-V,Deferido
2740d7ab0a49557e,SGA,Interior,Auxiliar em Administração,Classe C,RSC-V,RSC-V,Deferido
21480128b9476caf,RE,Capital,Assistente em Administração,Classe D,RSC-VI,RSC-VI,Deferido
ca6f127e1047e5cf,RE,Capital,Revisor De Textos,Classe E,RSC-VI,RSC-VI,Deferido
8c6eee1225080468,CANG,Interior,Assistente em Administração,Classe D,RSC-VI,RSC-VI,Deferido
31635dc6f29c987d,RE,Capital,Analista De Técnico Da Informacao,Classe E,RSC-VI,RSC-VI,Deferido
338d43c18adcb8a4,RE,Capital,Secretario Executivo,Classe E,RSC-VI,RSC-VI,Deferido
32657df04395f3ed,SPP,Interior,Assistente em Administração,Classe D,RSC-V,RSC-V,Deferido
a2ede01f1296d7d0,RE,Capital,Assistente em Administração,Classe D,RSC-VI,RSC-VI,Deferido
c652680638b297ac,CM,Interior,Administrador,Classe E,RSC-VI,RSC-VI,Deferido
